Date,Channel,Duration,Language,Translated,Text,Filename
2026-03-29T03:28:39.000Z,EPSILON_MONITOR,00:52,en,No,"Checking primary bus voltage.",A2_0329_032839.wav,
2026-03-29T04:51:33.000Z,EPSILON_MONITOR,00:50,en,No,"Sensor calibration complete.",A2_0329_045133.wav,
2026-03-29T11:51:24.000Z,EPSILON_MONITOR,00:29,en,No,"Executing maneuver alpha.",A2_0329_115124.wav,
2026-03-29T04:34:49.000Z,EPSILON_MONITOR,00:12,en,No,"Power levels nominal.",A2_0329_043449.wav,
2026-03-29T13:03:23.000Z,ZETA_TELEM,00:24,en,No,"Trajectory aligned.",A2_0329_130323.wav,
2026-03-29T22:24:08.000Z,BETA_SYS,00:35,en,No,"Telemetry stream active.",A2_0329_222408.wav,
2026-03-29T17:05:10.000Z,DELTA_CMD,00:50,en,No,"Power levels nominal.",A2_0329_170510.wav,
2026-03-29T06:14:53.000Z,ZETA_TELEM,00:19,en,No,"Network latency within limits.",A2_0329_061453.wav,
2026-03-29T18:20:48.000Z,ALPHA_NET,00:38,en,No,"Life support metrics green.",A2_0329_182048.wav,
2026-03-29T05:19:41.000Z,EPSILON_MONITOR,00:33,en,No,"Secondary loop nominal.",A2_0329_051941.wav,
2026-03-29T20:10:25.000Z,EPSILON_MONITOR,00:47,en,No,"Sensor calibration complete.",A2_0329_201025.wav,
2026-03-29T00:57:59.000Z,GAMMA_OPS,00:43,en,No,"Secondary loop nominal.",A2_0329_005759.wav,
2026-03-29T14:32:32.000Z,BETA_SYS,00:50,en,No,"Sensor calibration complete.",A2_0329_143232.wav,
2026-03-29T22:17:16.000Z,BETA_SYS,00:25,en,No,"Sensor calibration complete.",A2_0329_221716.wav,
2026-03-29T08:45:41.000Z,BETA_SYS,00:30,en,No,"Verifying checksums.",A2_0329_084541.wav,
2026-03-29T16:40:04.000Z,DELTA_CMD,00:42,en,No,"Power levels nominal.",A2_0329_164004.wav,
2026-03-29T18:35:08.000Z,BETA_SYS,00:54,en,No,"Verifying checksums.",A2_0329_183508.wav,
2026-03-29T10:01:09.000Z,ALPHA_NET,00:25,en,No,"System diagnostic clear.",A2_0329_100109.wav,
2026-03-29T04:43:47.000Z,GAMMA_OPS,00:49,en,No,"Executing maneuver alpha.",A2_0329_044347.wav,
2026-03-29T17:18:12.000Z,GAMMA_OPS,00:16,en,No,"System diagnostic clear.",A2_0329_171812.wav,
2026-03-29T05:03:19.000Z,ZETA_TELEM,00:52,en,No,"Navigation update received.",A2_0329_050319.wav,
2026-03-29T07:06:19.000Z,EPSILON_MONITOR,00:22,en,No,"Network latency within limits.",A2_0329_070619.wav,
2026-03-29T16:55:35.000Z,ZETA_TELEM,00:56,en,No,"Comm link established.",A2_0329_165535.wav,
2026-03-29T03:34:04.000Z,EPSILON_MONITOR,00:11,en,No,"Sensor calibration complete.",A2_0329_033404.wav,
2026-03-29T05:42:40.000Z,ALPHA_NET,00:29,en,No,"Comm link established.",A2_0329_054240.wav,
2026-03-29T20:02:22.000Z,BETA_SYS,00:54,en,No,"Comm link established.",A2_0329_200222.wav,
2026-03-29T09:06:26.000Z,DELTA_CMD,00:48,en,No,"Comm link established.",A2_0329_090626.wav,
2026-03-29T09:11:21.000Z,EPSILON_MONITOR,00:15,en,No,"Telemetry stream active.",A2_0329_091121.wav,
2026-03-29T05:11:38.000Z,BETA_SYS,00:45,en,No,"Navigation update received.",A2_0329_051138.wav,
2026-03-29T01:08:44.000Z,ZETA_TELEM,00:14,en,No,"System diagnostic clear.",A2_0329_010844.wav,
2026-03-29T05:26:47.000Z,ZETA_TELEM,00:44,en,No,"Awaiting handshake protocol.",A2_0329_052647.wav,
2026-03-29T11:26:04.000Z,ALPHA_NET,00:33,en,No,"Thermal readings stable.",A2_0329_112604.wav,
2026-03-29T23:48:30.000Z,DELTA_CMD,00:28,en,No,"Network latency within limits.",A2_0329_234830.wav,
2026-03-29T10:59:00.000Z,GAMMA_OPS,00:29,en,No,"Telemetry stream active.",A2_0329_105900.wav,
2026-03-29T15:40:11.000Z,ALPHA_NET,00:51,en,No,"Executing maneuver alpha.",A2_0329_154011.wav,
2026-03-29T01:06:58.000Z,ZETA_TELEM,00:43,en,No,"Network latency within limits.",A2_0329_010658.wav,
2026-03-29T11:40:43.000Z,GAMMA_OPS,00:36,en,No,"Verifying checksums.",A2_0329_114043.wav,
2026-03-29T14:03:08.000Z,BETA_SYS,00:29,en,No,"Telemetry stream active.",A2_0329_140308.wav,
2026-03-29T10:04:52.000Z,BETA_SYS,00:11,en,No,"Awaiting handshake protocol.",A2_0329_100452.wav,
2026-03-29T13:29:12.000Z,ZETA_TELEM,00:20,en,No,"Secondary loop nominal.",A2_0329_132912.wav,
2026-03-29T11:47:04.000Z,GAMMA_OPS,00:17,en,No,"Verifying checksums.",A2_0329_114704.wav,
2026-03-29T09:46:45.000Z,BETA_SYS,00:34,en,No,"Subsystem sync complete.",A2_0329_094645.wav,
2026-03-29T00:49:28.000Z,EPSILON_MONITOR,00:36,en,No,"System diagnostic clear.",A2_0329_004928.wav,
2026-03-29T08:41:24.000Z,ALPHA_NET,00:25,en,No,"Sensor calibration complete.",A2_0329_084124.wav,
2026-03-29T23:10:24.000Z,BETA_SYS,00:22,en,No,"Navigation update received.",A2_0329_231024.wav,
2026-03-29T13:59:29.000Z,ZETA_TELEM,00:18,en,No,"Power levels nominal.",A2_0329_135929.wav,
2026-03-29T16:57:24.000Z,DELTA_CMD,00:24,en,No,"Thermal readings stable.",A2_0329_165724.wav,
2026-03-29T00:18:30.000Z,ALPHA_NET,00:46,en,No,"Awaiting handshake protocol.",A2_0329_001830.wav,
2026-03-29T13:44:54.000Z,ALPHA_NET,00:10,en,No,"Sensor calibration complete.",A2_0329_134454.wav,
2026-03-29T12:10:57.000Z,EPSILON_MONITOR,00:34,en,No,"Thermal readings stable.",A2_0329_121057.wav,
2026-03-29T13:37:11.000Z,ZETA_TELEM,00:39,en,No,"Secondary loop nominal.",A2_0329_133711.wav,
2026-03-29T23:22:29.000Z,EPSILON_MONITOR,00:32,en,No,"Sensor calibration complete.",A2_0329_232229.wav,
2026-03-29T04:49:32.000Z,GAMMA_OPS,00:20,en,No,"Thermal readings stable.",A2_0329_044932.wav,
2026-03-29T08:49:09.000Z,ZETA_TELEM,00:19,en,No,"Navigation update received.",A2_0329_084909.wav,
2026-03-29T06:34:20.000Z,ZETA_TELEM,00:47,en,No,"Life support metrics green.",A2_0329_063420.wav,
2026-03-29T20:16:11.000Z,GAMMA_OPS,00:57,en,No,"System diagnostic clear.",A2_0329_201611.wav,
2026-03-29T03:56:27.000Z,ZETA_TELEM,00:30,en,No,"Network latency within limits.",A2_0329_035627.wav,
2026-03-29T11:01:52.000Z,BETA_SYS,00:37,en,No,"Payload bay doors secure.",A2_0329_110152.wav,
2026-03-29T04:21:37.000Z,ALPHA_NET,00:13,en,No,"Power levels nominal.",A2_0329_042137.wav,
2026-03-29T00:15:38.000Z,DELTA_CMD,00:34,en,No,"Power levels nominal.",A2_0329_001538.wav,
2026-03-29T02:28:46.000Z,ZETA_TELEM,00:19,en,No,"Secondary loop nominal.",A2_0329_022846.wav,
2026-03-29T10:46:48.000Z,GAMMA_OPS,00:17,en,No,"Navigation update received.",A2_0329_104648.wav,
2026-03-29T04:06:13.000Z,ALPHA_NET,00:36,en,No,"Trajectory aligned.",A2_0329_040613.wav,
2026-03-29T05:36:45.000Z,GAMMA_OPS,00:29,en,No,"Network latency within limits.",A2_0329_053645.wav,
2026-03-29T17:58:57.000Z,GAMMA_OPS,00:36,en,No,"Navigation update received.",A2_0329_175857.wav,
2026-03-29T02:25:08.000Z,EPSILON_MONITOR,00:56,en,No,"Power levels nominal.",A2_0329_022508.wav,
2026-03-29T15:55:58.000Z,ALPHA_NET,00:55,en,No,"Thermal readings stable.",A2_0329_155558.wav,
2026-03-29T15:04:51.000Z,ALPHA_NET,00:45,en,No,"Routing override engaged.",A2_0329_150451.wav,
2026-03-29T09:27:06.000Z,BETA_SYS,00:11,en,No,"Thermal readings stable.",A2_0329_092706.wav,
2026-03-29T14:42:29.000Z,GAMMA_OPS,00:49,en,No,"Verifying checksums.",A2_0329_144229.wav,
2026-03-29T15:22:32.000Z,DELTA_CMD,00:28,en,No,"Trajectory aligned.",A2_0329_152232.wav,
2026-03-29T22:12:22.000Z,GAMMA_OPS,00:42,en,No,"Subsystem sync complete.",A2_0329_221222.wav,
2026-03-29T03:10:32.000Z,EPSILON_MONITOR,00:46,en,No,"System diagnostic clear.",A2_0329_031032.wav,
2026-03-29T19:22:58.000Z,GAMMA_OPS,00:44,en,No,"Awaiting handshake protocol.",A2_0329_192258.wav,
2026-03-29T04:52:37.000Z,DELTA_CMD,00:10,en,No,"System diagnostic clear.",A2_0329_045237.wav,
2026-03-29T02:35:46.000Z,ALPHA_NET,00:59,en,No,"Power levels nominal.",A2_0329_023546.wav,
2026-03-29T22:59:47.000Z,DELTA_CMD,00:26,en,No,"Comm link established.",A2_0329_225947.wav,
2026-03-29T09:03:37.000Z,ALPHA_NET,00:53,en,No,"Routing override engaged.",A2_0329_090337.wav,
2026-03-29T12:59:06.000Z,DELTA_CMD,00:22,en,No,"Awaiting handshake protocol.",A2_0329_125906.wav,
2026-03-29T18:10:04.000Z,ZETA_TELEM,00:11,en,No,"Thermal readings stable.",A2_0329_181004.wav,
2026-03-29T23:02:21.000Z,ZETA_TELEM,00:49,en,No,"Life support metrics green.",A2_0329_230221.wav,
2026-03-29T12:12:33.000Z,GAMMA_OPS,00:28,en,No,"Awaiting handshake protocol.",A2_0329_121233.wav,
2026-03-29T03:36:46.000Z,BETA_SYS,00:53,en,No,"Thermal readings stable.",A2_0329_033646.wav,
2026-03-29T21:15:37.000Z,DELTA_CMD,00:59,en,No,"Power levels nominal.",A2_0329_211537.wav,
2026-03-29T12:16:56.000Z,ALPHA_NET,00:41,en,No,"Network latency within limits.",A2_0329_121656.wav,
2026-03-29T16:52:35.000Z,EPSILON_MONITOR,00:40,en,No,"Secondary loop nominal.",A2_0329_165235.wav,
2026-03-29T08:53:25.000Z,ALPHA_NET,00:12,en,No,"Trajectory aligned.",A2_0329_085325.wav,
2026-03-29T01:06:10.000Z,ZETA_TELEM,00:30,en,No,"Checking primary bus voltage.",A2_0329_010610.wav,
2026-03-29T12:28:55.000Z,ZETA_TELEM,00:54,en,No,"Navigation update received.",A2_0329_122855.wav,
2026-03-29T01:33:21.000Z,ALPHA_NET,00:34,en,No,"Thermal readings stable.",A2_0329_013321.wav,
2026-03-29T18:15:19.000Z,BETA_SYS,00:28,en,No,"Verifying checksums.",A2_0329_181519.wav,
2026-03-29T23:42:05.000Z,ZETA_TELEM,00:48,en,No,"System diagnostic clear.",A2_0329_234205.wav,
2026-03-29T19:18:49.000Z,EPSILON_MONITOR,00:13,en,No,"Payload bay doors secure.",A2_0329_191849.wav,
2026-03-29T04:04:53.000Z,GAMMA_OPS,00:29,en,No,"Checking primary bus voltage.",A2_0329_040453.wav,
2026-03-29T10:26:35.000Z,ZETA_TELEM,00:56,en,No,"Comm link established.",A2_0329_102635.wav,
2026-03-29T19:04:48.000Z,GAMMA_OPS,00:16,en,No,"Checking primary bus voltage.",A2_0329_190448.wav,
2026-03-29T03:56:08.000Z,DELTA_CMD,00:39,en,No,"Comm link established.",A2_0329_035608.wav,
2026-03-29T14:08:51.000Z,ALPHA_NET,00:28,en,No,"Routing override engaged.",A2_0329_140851.wav,
2026-03-29T05:44:26.000Z,DELTA_CMD,00:35,en,No,"Routing override engaged.",A2_0329_054426.wav,
2026-03-29T19:34:43.000Z,ALPHA_NET,00:55,en,No,"Routing override engaged.",A2_0329_193443.wav,
2026-03-29T03:31:24.000Z,GAMMA_OPS,00:11,en,No,"Verifying checksums.",A2_0329_033124.wav,
2026-03-29T04:31:47.000Z,GAMMA_OPS,00:27,en,No,"Secondary loop nominal.",A2_0329_043147.wav,
2026-03-29T23:28:37.000Z,ZETA_TELEM,00:58,en,No,"Sensor calibration complete.",A2_0329_232837.wav,
2026-03-29T06:02:24.000Z,ZETA_TELEM,00:40,en,No,"Routing override engaged.",A2_0329_060224.wav,
2026-03-29T05:31:16.000Z,EPSILON_MONITOR,00:59,en,No,"Power levels nominal.",A2_0329_053116.wav,
2026-03-29T13:57:47.000Z,ZETA_TELEM,00:12,en,No,"Comm link established.",A2_0329_135747.wav,
2026-03-29T00:48:24.000Z,ZETA_TELEM,00:12,en,No,"Subsystem sync complete.",A2_0329_004824.wav,
2026-03-29T07:25:09.000Z,EPSILON_MONITOR,00:20,en,No,"Executing maneuver alpha.",A2_0329_072509.wav,
2026-03-29T06:50:24.000Z,GAMMA_OPS,00:38,en,No,"Verifying checksums.",A2_0329_065024.wav,
2026-03-29T20:56:07.000Z,ZETA_TELEM,00:54,en,No,"Network latency within limits.",A2_0329_205607.wav,
2026-03-29T19:39:48.000Z,BETA_SYS,00:49,en,No,"Power levels nominal.",A2_0329_193948.wav,
2026-03-29T18:38:40.000Z,BETA_SYS,00:28,en,No,"Power levels nominal.",A2_0329_183840.wav,
2026-03-29T15:19:17.000Z,BETA_SYS,00:22,en,No,"Awaiting handshake protocol.",A2_0329_151917.wav,
2026-03-29T19:22:54.000Z,ZETA_TELEM,00:30,en,No,"Network latency within limits.",A2_0329_192254.wav,
2026-03-29T11:33:47.000Z,GAMMA_OPS,00:39,en,No,"System diagnostic clear.",A2_0329_113347.wav,
2026-03-29T01:49:57.000Z,ZETA_TELEM,00:21,en,No,"Awaiting handshake protocol.",A2_0329_014957.wav,
2026-03-29T16:49:39.000Z,BETA_SYS,00:33,en,No,"Navigation update received.",A2_0329_164939.wav,
2026-03-29T21:49:08.000Z,BETA_SYS,00:37,en,No,"Comm link established.",A2_0329_214908.wav,
2026-03-29T23:09:09.000Z,BETA_SYS,00:45,en,No,"Telemetry stream active.",A2_0329_230909.wav,
2026-03-29T01:26:43.000Z,ZETA_TELEM,00:32,en,No,"Secondary loop nominal.",A2_0329_012643.wav,
2026-03-29T10:57:23.000Z,ALPHA_NET,00:34,en,No,"Awaiting handshake protocol.",A2_0329_105723.wav,
2026-03-29T06:16:37.000Z,BETA_SYS,00:33,en,No,"Comm link established.",A2_0329_061637.wav,
2026-03-29T09:38:58.000Z,ZETA_TELEM,00:14,en,No,"Secondary loop nominal.",A2_0329_093858.wav,
2026-03-29T17:17:13.000Z,ZETA_TELEM,00:33,en,No,"Power levels nominal.",A2_0329_171713.wav,
2026-03-29T02:09:51.000Z,ALPHA_NET,00:28,en,No,"Verifying checksums.",A2_0329_020951.wav,
2026-03-29T01:09:10.000Z,DELTA_CMD,00:28,en,No,"Comm link established.",A2_0329_010910.wav,
2026-03-29T16:51:33.000Z,GAMMA_OPS,00:45,en,No,"Payload bay doors secure.",A2_0329_165133.wav,
2026-03-29T13:52:33.000Z,BETA_SYS,00:13,en,No,"Payload bay doors secure.",A2_0329_135233.wav,
2026-03-29T13:38:35.000Z,ZETA_TELEM,00:35,en,No,"Secondary loop nominal.",A2_0329_133835.wav,
2026-03-29T11:29:55.000Z,EPSILON_MONITOR,00:37,en,No,"Checking primary bus voltage.",A2_0329_112955.wav,
2026-03-29T08:07:30.000Z,GAMMA_OPS,00:35,en,No,"Comm link established.",A2_0329_080730.wav,
2026-03-29T08:06:16.000Z,GAMMA_OPS,00:11,en,No,"Network latency within limits.",A2_0329_080616.wav,
2026-03-29T09:26:10.000Z,BETA_SYS,00:35,en,No,"Telemetry stream active.",A2_0329_092610.wav,
2026-03-29T22:00:09.000Z,GAMMA_OPS,00:50,en,No,"Executing maneuver alpha.",A2_0329_220009.wav,
2026-03-29T05:22:35.000Z,BETA_SYS,00:42,en,No,"System diagnostic clear.",A2_0329_052235.wav,
2026-03-29T13:08:19.000Z,ZETA_TELEM,00:37,en,No,"Life support metrics green.",A2_0329_130819.wav,
2026-03-29T18:32:18.000Z,ZETA_TELEM,00:54,en,No,"Verifying checksums.",A2_0329_183218.wav,
2026-03-29T17:32:39.000Z,EPSILON_MONITOR,00:56,en,No,"Verifying checksums.",A2_0329_173239.wav,
2026-03-29T22:24:56.000Z,EPSILON_MONITOR,00:36,en,No,"Thermal readings stable.",A2_0329_222456.wav,
2026-03-29T00:32:06.000Z,ALPHA_NET,00:13,en,No,"Checking primary bus voltage.",A2_0329_003206.wav,
2026-03-29T03:39:47.000Z,ZETA_TELEM,00:12,en,No,"Thermal readings stable.",A2_0329_033947.wav,
2026-03-29T10:31:47.000Z,GAMMA_OPS,00:59,en,No,"Power levels nominal.",A2_0329_103147.wav,
2026-03-29T10:53:01.000Z,BETA_SYS,00:13,en,No,"Awaiting handshake protocol.",A2_0329_105301.wav,
2026-03-29T22:02:34.000Z,EPSILON_MONITOR,00:43,en,No,"Trajectory aligned.",A2_0329_220234.wav,
2026-03-29T07:50:02.000Z,GAMMA_OPS,00:20,en,No,"Thermal readings stable.",A2_0329_075002.wav,
2026-03-29T09:04:57.000Z,GAMMA_OPS,00:53,en,No,"System diagnostic clear.",A2_0329_090457.wav,
2026-03-29T05:12:29.000Z,EPSILON_MONITOR,00:45,en,No,"Payload bay doors secure.",A2_0329_051229.wav,
2026-03-29T09:24:45.000Z,ZETA_TELEM,00:26,en,No,"Life support metrics green.",A2_0329_092445.wav,
2026-03-29T23:40:56.000Z,EPSILON_MONITOR,00:42,en,No,"System diagnostic clear.",A2_0329_234056.wav,
2026-03-29T03:04:18.000Z,EPSILON_MONITOR,00:40,en,No,"Secondary loop nominal.",A2_0329_030418.wav,
2026-03-29T06:05:30.000Z,DELTA_CMD,00:40,en,No,"Sensor calibration complete.",A2_0329_060530.wav,
2026-03-29T20:12:54.000Z,BETA_SYS,00:29,en,No,"Network latency within limits.",A2_0329_201254.wav,
2026-03-29T05:34:05.000Z,ZETA_TELEM,00:41,en,No,"Trajectory aligned.",A2_0329_053405.wav,
2026-03-29T12:11:24.000Z,DELTA_CMD,00:30,en,No,"Payload bay doors secure.",A2_0329_121124.wav,
2026-03-29T11:23:30.000Z,DELTA_CMD,00:29,en,No,"Sensor calibration complete.",A2_0329_112330.wav,
2026-03-29T09:46:01.000Z,ALPHA_NET,00:41,en,No,"Thermal readings stable.",A2_0329_094601.wav,
2026-03-29T05:38:00.000Z,ZETA_TELEM,00:42,en,No,"Executing maneuver alpha.",A2_0329_053800.wav,
2026-03-29T09:36:17.000Z,ZETA_TELEM,00:42,en,No,"Awaiting handshake protocol.",A2_0329_093617.wav,
2026-03-29T14:32:42.000Z,ALPHA_NET,00:52,en,No,"Network latency within limits.",A2_0329_143242.wav,
2026-03-29T11:27:31.000Z,EPSILON_MONITOR,00:39,en,No,"Awaiting handshake protocol.",A2_0329_112731.wav,
2026-03-29T21:12:42.000Z,EPSILON_MONITOR,00:23,en,No,"Life support metrics green.",A2_0329_211242.wav,
2026-03-29T00:36:01.000Z,GAMMA_OPS,00:37,en,No,"Payload bay doors secure.",A2_0329_003601.wav,
2026-03-29T03:27:01.000Z,BETA_SYS,00:37,en,No,"Network latency within limits.",A2_0329_032701.wav,
2026-03-29T14:41:42.000Z,GAMMA_OPS,00:14,en,No,"Network latency within limits.",A2_0329_144142.wav,
2026-03-29T09:36:05.000Z,GAMMA_OPS,00:21,en,No,"Routing override engaged.",A2_0329_093605.wav,
2026-03-29T05:53:08.000Z,ZETA_TELEM,00:12,en,No,"Verifying checksums.",A2_0329_055308.wav,
2026-03-29T21:58:36.000Z,DELTA_CMD,00:30,en,No,"Secondary loop nominal.",A2_0329_215836.wav,
2026-03-29T17:56:27.000Z,BETA_SYS,00:16,en,No,"Verifying checksums.",A2_0329_175627.wav,
2026-03-29T16:40:56.000Z,ALPHA_NET,00:50,en,No,"Trajectory aligned.",A2_0329_164056.wav,
2026-03-29T00:30:31.000Z,ZETA_TELEM,00:18,en,No,"Payload bay doors secure.",A2_0329_003031.wav,
2026-03-29T18:34:11.000Z,ZETA_TELEM,00:41,en,No,"Life support metrics green.",A2_0329_183411.wav,
2026-03-29T10:39:25.000Z,BETA_SYS,00:14,en,No,"Trajectory aligned.",A2_0329_103925.wav,
2026-03-29T11:05:56.000Z,DELTA_CMD,00:47,en,No,"Network latency within limits.",A2_0329_110556.wav,
2026-03-29T01:30:31.000Z,ALPHA_NET,00:16,en,No,"Executing maneuver alpha.",A2_0329_013031.wav,
2026-03-29T06:04:30.000Z,BETA_SYS,00:46,en,No,"Life support metrics green.",A2_0329_060430.wav,
2026-03-29T01:25:40.000Z,BETA_SYS,00:43,en,No,"Verifying checksums.",A2_0329_012540.wav,
2026-03-29T00:39:18.000Z,DELTA_CMD,00:39,en,No,"Secondary loop nominal.",A2_0329_003918.wav,
2026-03-29T20:15:13.000Z,ZETA_TELEM,00:56,en,No,"Payload bay doors secure.",A2_0329_201513.wav,
2026-03-29T12:41:43.000Z,EPSILON_MONITOR,00:19,en,No,"Payload bay doors secure.",A2_0329_124143.wav,
2026-03-29T08:40:27.000Z,ALPHA_NET,00:30,en,No,"Checking primary bus voltage.",A2_0329_084027.wav,
2026-03-29T12:20:54.000Z,BETA_SYS,00:28,en,No,"Sensor calibration complete.",A2_0329_122054.wav,
2026-03-29T00:21:00.000Z,ZETA_TELEM,00:39,en,No,"Power levels nominal.",A2_0329_002100.wav,
2026-03-29T22:19:07.000Z,DELTA_CMD,00:24,en,No,"Comm link established.",A2_0329_221907.wav,
2026-03-29T10:11:21.000Z,GAMMA_OPS,00:42,en,No,"Secondary loop nominal.",A2_0329_101121.wav,
2026-03-29T06:50:22.000Z,ALPHA_NET,00:38,en,No,"Comm link established.",A2_0329_065022.wav,
2026-03-29T16:57:02.000Z,ALPHA_NET,00:45,en,No,"System diagnostic clear.",A2_0329_165702.wav,
2026-03-29T15:46:15.000Z,DELTA_CMD,00:22,en,No,"Subsystem sync complete.",A2_0329_154615.wav,
2026-03-29T23:56:42.000Z,ZETA_TELEM,00:48,en,No,"Power levels nominal.",A2_0329_235642.wav,
2026-03-29T16:29:25.000Z,BETA_SYS,00:16,en,No,"Comm link established.",A2_0329_162925.wav,
2026-03-29T10:12:43.000Z,EPSILON_MONITOR,00:43,en,No,"Executing maneuver alpha.",A2_0329_101243.wav,
2026-03-29T10:02:57.000Z,ALPHA_NET,00:43,en,No,"Awaiting handshake protocol.",A2_0329_100257.wav,
2026-03-29T07:41:06.000Z,BETA_SYS,00:11,en,No,"Navigation update received.",A2_0329_074106.wav,
2026-03-29T21:05:33.000Z,GAMMA_OPS,00:22,en,No,"Power levels nominal.",A2_0329_210533.wav,
2026-03-29T14:50:16.000Z,DELTA_CMD,00:49,en,No,"Trajectory aligned.",A2_0329_145016.wav,
2026-03-29T15:38:14.000Z,ALPHA_NET,00:39,en,No,"Network latency within limits.",A2_0329_153814.wav,
2026-03-29T12:35:02.000Z,DELTA_CMD,00:29,en,No,"Life support metrics green.",A2_0329_123502.wav,
2026-03-29T00:07:30.000Z,EPSILON_MONITOR,00:28,en,No,"Checking primary bus voltage.",A2_0329_000730.wav,
2026-03-29T14:12:26.000Z,EPSILON_MONITOR,00:40,en,No,"Navigation update received.",A2_0329_141226.wav,
2026-03-29T23:11:22.000Z,EPSILON_MONITOR,00:28,en,No,"Network latency within limits.",A2_0329_231122.wav,
2026-03-29T06:49:31.000Z,DELTA_CMD,00:59,en,No,"Sensor calibration complete.",A2_0329_064931.wav,
2026-03-29T13:41:24.000Z,DELTA_CMD,00:19,en,No,"Thermal readings stable.",A2_0329_134124.wav,
2026-03-29T21:20:22.000Z,GAMMA_OPS,00:49,en,No,"Checking primary bus voltage.",A2_0329_212022.wav,
2026-03-29T14:24:18.000Z,ZETA_TELEM,00:36,en,No,"Routing override engaged.",A2_0329_142418.wav,
2026-03-29T18:41:17.000Z,DELTA_CMD,00:17,en,No,"Life support metrics green.",A2_0329_184117.wav,
2026-03-29T08:26:01.000Z,ZETA_TELEM,00:23,en,No,"Thermal readings stable.",A2_0329_082601.wav,
2026-03-29T10:43:08.000Z,EPSILON_MONITOR,00:47,en,No,"Telemetry stream active.",A2_0329_104308.wav,
2026-03-29T17:22:00.000Z,ALPHA_NET,00:22,en,No,"Network latency within limits.",A2_0329_172200.wav,
2026-03-29T17:51:02.000Z,ZETA_TELEM,00:19,en,No,"Payload bay doors secure.",A2_0329_175102.wav,
2026-03-29T11:05:25.000Z,BETA_SYS,00:16,en,No,"Comm link established.",A2_0329_110525.wav,
2026-03-29T12:23:15.000Z,GAMMA_OPS,00:11,en,No,"Secondary loop nominal.",A2_0329_122315.wav,
2026-03-29T09:22:12.000Z,ZETA_TELEM,00:32,en,No,"Verifying checksums.",A2_0329_092212.wav,
2026-03-29T21:21:23.000Z,ALPHA_NET,00:31,en,No,"Life support metrics green.",A2_0329_212123.wav,
2026-03-29T20:04:01.000Z,ZETA_TELEM,00:52,en,No,"Verifying checksums.",A2_0329_200401.wav,
2026-03-29T19:05:58.000Z,EPSILON_MONITOR,00:10,en,No,"Secondary loop nominal.",A2_0329_190558.wav,
2026-03-29T09:22:35.000Z,GAMMA_OPS,00:18,en,No,"Secondary loop nominal.",A2_0329_092235.wav,
2026-03-29T17:53:00.000Z,EPSILON_MONITOR,00:28,en,No,"Subsystem sync complete.",A2_0329_175300.wav,
2026-03-29T07:43:29.000Z,ALPHA_NET,00:55,en,No,"Sensor calibration complete.",A2_0329_074329.wav,
2026-03-29T11:42:35.000Z,DELTA_CMD,00:30,en,No,"Sensor calibration complete.",A2_0329_114235.wav,
2026-03-29T17:40:16.000Z,DELTA_CMD,00:22,en,No,"Network latency within limits.",A2_0329_174016.wav,
2026-03-29T02:12:49.000Z,BETA_SYS,00:34,en,No,"Routing override engaged.",A2_0329_021249.wav,
2026-03-29T20:09:44.000Z,EPSILON_MONITOR,00:15,en,No,"Sensor calibration complete.",A2_0329_200944.wav,
2026-03-29T23:21:23.000Z,ALPHA_NET,00:50,en,No,"Life support metrics green.",A2_0329_232123.wav,
2026-03-29T12:05:03.000Z,GAMMA_OPS,00:40,en,No,"Verifying checksums.",A2_0329_120503.wav,
2026-03-29T07:03:25.000Z,DELTA_CMD,00:42,en,No,"Network latency within limits.",A2_0329_070325.wav,
2026-03-29T05:55:42.000Z,ZETA_TELEM,00:17,en,No,"Trajectory aligned.",A2_0329_055542.wav,
2026-03-29T08:58:40.000Z,DELTA_CMD,00:37,en,No,"Network latency within limits.",A2_0329_085840.wav,
2026-03-29T07:59:23.000Z,ZETA_TELEM,00:31,en,No,"Trajectory aligned.",A2_0329_075923.wav,
2026-03-29T17:31:40.000Z,ZETA_TELEM,00:22,en,No,"Network latency within limits.",A2_0329_173140.wav,
2026-03-29T19:36:36.000Z,DELTA_CMD,00:12,en,No,"Navigation update received.",A2_0329_193636.wav,
2026-03-29T05:28:07.000Z,BETA_SYS,00:18,en,No,"Secondary loop nominal.",A2_0329_052807.wav,
2026-03-29T09:57:39.000Z,ALPHA_NET,00:43,en,No,"Payload bay doors secure.",A2_0329_095739.wav,
2026-03-29T08:10:09.000Z,GAMMA_OPS,00:38,en,No,"Telemetry stream active.",A2_0329_081009.wav,
2026-03-29T19:07:18.000Z,EPSILON_MONITOR,00:54,en,No,"Checking primary bus voltage.",A2_0329_190718.wav,
2026-03-29T17:36:30.000Z,ALPHA_NET,00:21,en,No,"Verifying checksums.",A2_0329_173630.wav,
2026-03-29T12:38:27.000Z,DELTA_CMD,00:17,en,No,"Trajectory aligned.",A2_0329_123827.wav,
2026-03-29T13:42:18.000Z,ALPHA_NET,00:38,en,No,"Verifying checksums.",A2_0329_134218.wav,
2026-03-29T01:09:36.000Z,EPSILON_MONITOR,00:44,en,No,"Network latency within limits.",A2_0329_010936.wav,
2026-03-29T16:54:38.000Z,EPSILON_MONITOR,00:53,en,No,"Executing maneuver alpha.",A2_0329_165438.wav,
2026-03-29T13:06:00.000Z,ALPHA_NET,00:34,en,No,"Executing maneuver alpha.",A2_0329_130600.wav,
2026-03-29T21:09:16.000Z,EPSILON_MONITOR,00:14,en,No,"Verifying checksums.",A2_0329_210916.wav,
2026-03-29T08:49:34.000Z,DELTA_CMD,00:42,en,No,"Trajectory aligned.",A2_0329_084934.wav,
2026-03-29T15:48:03.000Z,GAMMA_OPS,00:17,en,No,"Payload bay doors secure.",A2_0329_154803.wav,
2026-03-29T08:30:07.000Z,EPSILON_MONITOR,00:46,en,No,"Thermal readings stable.",A2_0329_083007.wav,
2026-03-29T19:32:32.000Z,BETA_SYS,00:21,en,No,"Executing maneuver alpha.",A2_0329_193232.wav,
2026-03-29T02:47:00.000Z,DELTA_CMD,00:34,en,No,"Subsystem sync complete.",A2_0329_024700.wav,
2026-03-29T07:43:13.000Z,EPSILON_MONITOR,00:15,en,No,"Power levels nominal.",A2_0329_074313.wav,
2026-03-29T17:02:02.000Z,BETA_SYS,00:54,en,No,"Thermal readings stable.",A2_0329_170202.wav,
2026-03-29T09:20:04.000Z,ALPHA_NET,00:47,en,No,"Sensor calibration complete.",A2_0329_092004.wav,
2026-03-29T13:09:05.000Z,DELTA_CMD,00:11,en,No,"Life support metrics green.",A2_0329_130905.wav,
2026-03-29T06:03:42.000Z,ALPHA_NET,00:41,en,No,"Trajectory aligned.",A2_0329_060342.wav,
2026-03-29T18:47:57.000Z,ALPHA_NET,00:22,en,No,"Life support metrics green.",A2_0329_184757.wav,
2026-03-29T00:22:12.000Z,ZETA_TELEM,00:35,en,No,"System diagnostic clear.",A2_0329_002212.wav,
2026-03-29T08:48:36.000Z,GAMMA_OPS,00:55,en,No,"Network latency within limits.",A2_0329_084836.wav,
2026-03-29T05:26:10.000Z,ZETA_TELEM,00:14,en,No,"Awaiting handshake protocol.",A2_0329_052610.wav,
2026-03-29T04:22:24.000Z,ZETA_TELEM,00:56,en,No,"Power levels nominal.",A2_0329_042224.wav,
2026-03-29T15:35:41.000Z,ZETA_TELEM,00:15,en,No,"Thermal readings stable.",A2_0329_153541.wav,
2026-03-29T09:11:46.000Z,BETA_SYS,00:46,en,No,"Payload bay doors secure.",A2_0329_091146.wav,
2026-03-29T03:12:59.000Z,ZETA_TELEM,00:12,en,No,"Comm link established.",A2_0329_031259.wav,
2026-03-29T07:34:01.000Z,ZETA_TELEM,00:29,en,No,"Subsystem sync complete.",A2_0329_073401.wav,
2026-03-29T10:25:26.000Z,EPSILON_MONITOR,00:24,en,No,"Trajectory aligned.",A2_0329_102526.wav,
2026-03-29T01:58:37.000Z,EPSILON_MONITOR,00:39,en,No,"Payload bay doors secure.",A2_0329_015837.wav,
2026-03-29T11:52:58.000Z,ZETA_TELEM,00:38,en,No,"Navigation update received.",A2_0329_115258.wav,
2026-03-29T18:39:06.000Z,DELTA_CMD,00:46,en,No,"Checking primary bus voltage.",A2_0329_183906.wav,
2026-03-29T02:55:22.000Z,DELTA_CMD,00:55,en,No,"Network latency within limits.",A2_0329_025522.wav,
2026-03-29T02:00:55.000Z,EPSILON_MONITOR,00:58,en,No,"Checking primary bus voltage.",A2_0329_020055.wav,
2026-03-29T16:33:20.000Z,DELTA_CMD,00:12,en,No,"Life support metrics green.",A2_0329_163320.wav,
2026-03-29T22:36:39.000Z,GAMMA_OPS,00:37,en,No,"Sensor calibration complete.",A2_0329_223639.wav,
2026-03-29T09:01:41.000Z,ALPHA_NET,00:42,en,No,"Life support metrics green.",A2_0329_090141.wav,
2026-03-29T20:03:54.000Z,GAMMA_OPS,00:34,en,No,"Awaiting handshake protocol.",A2_0329_200354.wav,
2026-03-29T22:53:26.000Z,ALPHA_NET,00:59,en,No,"Secondary loop nominal.",A2_0329_225326.wav,
2026-03-29T02:43:18.000Z,ALPHA_NET,00:40,en,No,"Awaiting handshake protocol.",A2_0329_024318.wav,
2026-03-29T04:15:28.000Z,EPSILON_MONITOR,00:46,en,No,"Payload bay doors secure.",A2_0329_041528.wav,
2026-03-29T23:18:41.000Z,BETA_SYS,00:22,en,No,"Sensor calibration complete.",A2_0329_231841.wav,
2026-03-29T20:59:54.000Z,ALPHA_NET,00:42,en,No,"Executing maneuver alpha.",A2_0329_205954.wav,
2026-03-29T23:32:12.000Z,EPSILON_MONITOR,00:10,en,No,"Subsystem sync complete.",A2_0329_233212.wav,
2026-03-29T00:51:56.000Z,EPSILON_MONITOR,00:46,en,No,"Thermal readings stable.",A2_0329_005156.wav,
2026-03-29T05:11:29.000Z,EPSILON_MONITOR,00:55,en,No,"Comm link established.",A2_0329_051129.wav,
2026-03-29T22:06:19.000Z,EPSILON_MONITOR,00:51,en,No,"Subsystem sync complete.",A2_0329_220619.wav,
2026-03-29T18:07:58.000Z,EPSILON_MONITOR,00:39,en,No,"Comm link established.",A2_0329_180758.wav,
2026-03-29T07:27:23.000Z,ALPHA_NET,00:18,en,No,"Life support metrics green.",A2_0329_072723.wav,
2026-03-29T01:55:23.000Z,ZETA_TELEM,00:29,en,No,"Awaiting handshake protocol.",A2_0329_015523.wav,
2026-03-29T04:48:39.000Z,EPSILON_MONITOR,00:45,en,No,"Trajectory aligned.",A2_0329_044839.wav,
2026-03-29T04:59:54.000Z,ALPHA_NET,00:22,en,No,"Network latency within limits.",A2_0329_045954.wav,
2026-03-29T18:30:34.000Z,DELTA_CMD,00:25,en,No,"Subsystem sync complete.",A2_0329_183034.wav,
2026-03-29T01:20:54.000Z,BETA_SYS,00:13,en,No,"System diagnostic clear.",A2_0329_012054.wav,
2026-03-29T00:36:02.000Z,GAMMA_OPS,00:31,en,No,"Awaiting handshake protocol.",A2_0329_003602.wav,
2026-03-29T03:51:37.000Z,ALPHA_NET,00:13,en,No,"Executing maneuver alpha.",A2_0329_035137.wav,
2026-03-29T18:25:29.000Z,BETA_SYS,00:48,en,No,"Awaiting handshake protocol.",A2_0329_182529.wav,
2026-03-29T04:06:14.000Z,GAMMA_OPS,00:51,en,No,"Life support metrics green.",A2_0329_040614.wav,
2026-03-29T15:23:54.000Z,GAMMA_OPS,00:13,en,No,"Checking primary bus voltage.",A2_0329_152354.wav,
2026-03-29T11:27:37.000Z,BETA_SYS,00:40,en,No,"Verifying checksums.",A2_0329_112737.wav,
2026-03-29T12:59:43.000Z,DELTA_CMD,00:19,en,No,"Sensor calibration complete.",A2_0329_125943.wav,
2026-03-29T01:10:41.000Z,BETA_SYS,00:42,en,No,"Routing override engaged.",A2_0329_011041.wav,
2026-03-29T09:27:56.000Z,EPSILON_MONITOR,00:48,en,No,"Checking primary bus voltage.",A2_0329_092756.wav,
2026-03-29T11:04:10.000Z,BETA_SYS,00:37,en,No,"Secondary loop nominal.",A2_0329_110410.wav,
2026-03-29T18:46:17.000Z,GAMMA_OPS,00:22,en,No,"Checking primary bus voltage.",A2_0329_184617.wav,
2026-03-29T10:51:02.000Z,BETA_SYS,00:39,en,No,"Trajectory aligned.",A2_0329_105102.wav,
2026-03-29T10:22:14.000Z,EPSILON_MONITOR,00:32,en,No,"Power levels nominal.",A2_0329_102214.wav,
2026-03-29T04:52:42.000Z,ALPHA_NET,00:42,en,No,"System diagnostic clear.",A2_0329_045242.wav,
2026-03-29T19:27:14.000Z,ZETA_TELEM,00:16,en,No,"Navigation update received.",A2_0329_192714.wav,
2026-03-29T23:44:41.000Z,EPSILON_MONITOR,00:12,en,No,"Telemetry stream active.",A2_0329_234441.wav,
2026-03-29T16:48:35.000Z,GAMMA_OPS,00:39,en,No,"Secondary loop nominal.",A2_0329_164835.wav,
2026-03-29T01:06:36.000Z,DELTA_CMD,00:40,en,No,"Checking primary bus voltage.",A2_0329_010636.wav,
2026-03-29T19:11:51.000Z,ALPHA_NET,00:52,en,No,"Subsystem sync complete.",A2_0329_191151.wav,
2026-03-29T12:12:55.000Z,BETA_SYS,00:31,en,No,"Sensor calibration complete.",A2_0329_121255.wav,
2026-03-29T21:06:04.000Z,GAMMA_OPS,00:29,en,No,"Awaiting handshake protocol.",A2_0329_210604.wav,
2026-03-29T23:59:20.000Z,ZETA_TELEM,00:18,en,No,"System diagnostic clear.",A2_0329_235920.wav,
2026-03-29T14:35:55.000Z,EPSILON_MONITOR,00:43,en,No,"Navigation update received.",A2_0329_143555.wav,
2026-03-29T21:38:30.000Z,GAMMA_OPS,00:20,en,No,"Secondary loop nominal.",A2_0329_213830.wav,
2026-03-29T23:47:22.000Z,ZETA_TELEM,00:29,en,No,"Executing maneuver alpha.",A2_0329_234722.wav,
2026-03-29T08:49:31.000Z,BETA_SYS,00:23,en,No,"Routing override engaged.",A2_0329_084931.wav,
2026-03-29T20:27:34.000Z,GAMMA_OPS,00:39,en,No,"Awaiting handshake protocol.",A2_0329_202734.wav,
2026-03-29T07:02:54.000Z,ZETA_TELEM,00:31,en,No,"Life support metrics green.",A2_0329_070254.wav,
2026-03-29T21:11:25.000Z,EPSILON_MONITOR,00:51,en,No,"Power levels nominal.",A2_0329_211125.wav,
2026-03-29T00:05:49.000Z,GAMMA_OPS,00:43,en,No,"Trajectory aligned.",A2_0329_000549.wav,
2026-03-29T03:42:56.000Z,ALPHA_NET,00:20,en,No,"Trajectory aligned.",A2_0329_034256.wav,
2026-03-29T20:37:50.000Z,EPSILON_MONITOR,00:13,en,No,"Network latency within limits.",A2_0329_203750.wav,
2026-03-29T03:11:18.000Z,GAMMA_OPS,00:36,en,No,"Routing override engaged.",A2_0329_031118.wav,
2026-03-29T19:53:11.000Z,EPSILON_MONITOR,00:28,en,No,"Subsystem sync complete.",A2_0329_195311.wav,
2026-03-29T17:51:10.000Z,ZETA_TELEM,00:40,en,No,"Network latency within limits.",A2_0329_175110.wav,
2026-03-29T03:27:45.000Z,ALPHA_NET,00:58,en,No,"Sensor calibration complete.",A2_0329_032745.wav,
2026-03-29T14:03:43.000Z,BETA_SYS,00:55,en,No,"Navigation update received.",A2_0329_140343.wav,
2026-03-29T00:23:53.000Z,DELTA_CMD,00:15,en,No,"System diagnostic clear.",A2_0329_002353.wav,
2026-03-29T13:23:23.000Z,ALPHA_NET,00:41,en,No,"Power levels nominal.",A2_0329_132323.wav,
2026-03-29T17:27:51.000Z,DELTA_CMD,00:42,en,No,"Routing override engaged.",A2_0329_172751.wav,
2026-03-29T20:19:52.000Z,ALPHA_NET,00:45,en,No,"Life support metrics green.",A2_0329_201952.wav,
2026-03-29T22:33:46.000Z,ZETA_TELEM,00:40,en,No,"Trajectory aligned.",A2_0329_223346.wav,
2026-03-29T21:12:55.000Z,GAMMA_OPS,00:26,en,No,"Routing override engaged.",A2_0329_211255.wav,
2026-03-29T00:11:15.000Z,ALPHA_NET,00:14,en,No,"Thermal readings stable.",A2_0329_001115.wav,
2026-03-29T10:35:05.000Z,EPSILON_MONITOR,00:10,en,No,"Navigation update received.",A2_0329_103505.wav,
2026-03-29T07:57:15.000Z,ZETA_TELEM,00:50,en,No,"Awaiting handshake protocol.",A2_0329_075715.wav,
2026-03-29T04:19:34.000Z,BETA_SYS,00:46,en,No,"Network latency within limits.",A2_0329_041934.wav,
2026-03-29T05:37:01.000Z,EPSILON_MONITOR,00:49,en,No,"Sensor calibration complete.",A2_0329_053701.wav,
2026-03-29T20:10:25.000Z,GAMMA_OPS,00:10,en,No,"Comm link established.",A2_0329_201025.wav,
2026-03-29T06:19:49.000Z,ALPHA_NET,00:35,en,No,"Secondary loop nominal.",A2_0329_061949.wav,
2026-03-29T17:20:58.000Z,DELTA_CMD,00:34,en,No,"Trajectory aligned.",A2_0329_172058.wav,
2026-03-29T20:24:16.000Z,GAMMA_OPS,00:18,en,No,"Routing override engaged.",A2_0329_202416.wav,
2026-03-29T19:04:56.000Z,BETA_SYS,00:22,en,No,"Power levels nominal.",A2_0329_190456.wav,
2026-03-29T17:44:39.000Z,ALPHA_NET,00:54,en,No,"Power levels nominal.",A2_0329_174439.wav,
2026-03-29T18:02:52.000Z,EPSILON_MONITOR,00:14,en,No,"Subsystem sync complete.",A2_0329_180252.wav,
2026-03-29T23:41:51.000Z,ZETA_TELEM,00:50,en,No,"Secondary loop nominal.",A2_0329_234151.wav,
2026-03-29T08:48:47.000Z,ALPHA_NET,00:15,en,No,"Power levels nominal.",A2_0329_084847.wav,
2026-03-29T22:02:54.000Z,GAMMA_OPS,00:12,en,No,"Network latency within limits.",A2_0329_220254.wav,
2026-03-29T23:36:34.000Z,EPSILON_MONITOR,00:46,en,No,"Awaiting handshake protocol.",A2_0329_233634.wav,
2026-03-29T02:59:18.000Z,GAMMA_OPS,00:57,en,No,"Sensor calibration complete.",A2_0329_025918.wav,
2026-03-29T04:23:14.000Z,ALPHA_NET,00:20,en,No,"Trajectory aligned.",A2_0329_042314.wav,
2026-03-29T16:11:14.000Z,GAMMA_OPS,00:14,en,No,"Navigation update received.",A2_0329_161114.wav,
2026-03-29T03:20:59.000Z,ZETA_TELEM,00:20,en,No,"Routing override engaged.",A2_0329_032059.wav,
2026-03-29T17:09:19.000Z,ZETA_TELEM,00:14,en,No,"Sensor calibration complete.",A2_0329_170919.wav,
2026-03-29T02:17:02.000Z,EPSILON_MONITOR,00:35,en,No,"Thermal readings stable.",A2_0329_021702.wav,
2026-03-29T20:19:23.000Z,BETA_SYS,00:30,en,No,"Subsystem sync complete.",A2_0329_201923.wav,
2026-03-29T18:39:54.000Z,GAMMA_OPS,00:54,en,No,"Life support metrics green.",A2_0329_183954.wav,
2026-03-29T01:32:20.000Z,ALPHA_NET,00:54,en,No,"Sensor calibration complete.",A2_0329_013220.wav,
2026-03-29T15:09:53.000Z,GAMMA_OPS,00:14,en,No,"Subsystem sync complete.",A2_0329_150953.wav,
2026-03-29T16:47:08.000Z,GAMMA_OPS,00:48,en,No,"Trajectory aligned.",A2_0329_164708.wav,
2026-03-29T23:55:49.000Z,BETA_SYS,00:47,en,No,"Network latency within limits.",A2_0329_235549.wav,
2026-03-29T10:57:39.000Z,EPSILON_MONITOR,00:28,en,No,"Life support metrics green.",A2_0329_105739.wav,
2026-03-29T01:39:02.000Z,ZETA_TELEM,00:31,en,No,"Executing maneuver alpha.",A2_0329_013902.wav,
2026-03-29T07:55:12.000Z,GAMMA_OPS,00:28,en,No,"Payload bay doors secure.",A2_0329_075512.wav,
2026-03-29T23:55:58.000Z,BETA_SYS,00:40,en,No,"Navigation update received.",A2_0329_235558.wav,
2026-03-29T11:16:57.000Z,BETA_SYS,00:45,en,No,"Payload bay doors secure.",A2_0329_111657.wav,
2026-03-29T09:40:27.000Z,EPSILON_MONITOR,00:19,en,No,"Thermal readings stable.",A2_0329_094027.wav,
2026-03-29T22:56:23.000Z,GAMMA_OPS,00:23,en,No,"Payload bay doors secure.",A2_0329_225623.wav,
2026-03-29T17:40:59.000Z,EPSILON_MONITOR,00:21,en,No,"Secondary loop nominal.",A2_0329_174059.wav,
2026-03-29T03:27:56.000Z,ZETA_TELEM,00:34,en,No,"Checking primary bus voltage.",A2_0329_032756.wav,
2026-03-29T10:57:51.000Z,GAMMA_OPS,00:46,en,No,"Payload bay doors secure.",A2_0329_105751.wav,
2026-03-29T11:44:22.000Z,DELTA_CMD,00:26,en,No,"Comm link established.",A2_0329_114422.wav,
2026-03-29T07:53:35.000Z,EPSILON_MONITOR,00:11,en,No,"Network latency within limits.",A2_0329_075335.wav,
2026-03-29T16:50:36.000Z,EPSILON_MONITOR,00:54,en,No,"Awaiting handshake protocol.",A2_0329_165036.wav,
2026-03-29T01:59:44.000Z,DELTA_CMD,00:37,en,No,"Thermal readings stable.",A2_0329_015944.wav,
2026-03-29T05:29:49.000Z,BETA_SYS,00:21,en,No,"Awaiting handshake protocol.",A2_0329_052949.wav,
2026-03-29T12:09:39.000Z,GAMMA_OPS,00:18,en,No,"Sensor calibration complete.",A2_0329_120939.wav,
2026-03-29T23:08:50.000Z,BETA_SYS,00:50,en,No,"Telemetry stream active.",A2_0329_230850.wav,
2026-03-29T14:42:34.000Z,BETA_SYS,00:35,en,No,"Checking primary bus voltage.",A2_0329_144234.wav,
2026-03-29T12:51:38.000Z,ALPHA_NET,00:39,en,No,"Trajectory aligned.",A2_0329_125138.wav,
2026-03-29T19:13:25.000Z,BETA_SYS,00:57,en,No,"Comm link established.",A2_0329_191325.wav,
2026-03-29T03:00:16.000Z,DELTA_CMD,00:51,en,No,"Verifying checksums.",A2_0329_030016.wav,
2026-03-29T00:56:30.000Z,BETA_SYS,00:33,en,No,"System diagnostic clear.",A2_0329_005630.wav,
2026-03-29T15:38:32.000Z,GAMMA_OPS,00:11,en,No,"Secondary loop nominal.",A2_0329_153832.wav,
2026-03-29T20:09:46.000Z,GAMMA_OPS,00:22,en,No,"Subsystem sync complete.",A2_0329_200946.wav,
2026-03-29T05:03:05.000Z,DELTA_CMD,00:59,en,No,"Telemetry stream active.",A2_0329_050305.wav,
2026-03-29T13:59:24.000Z,EPSILON_MONITOR,00:43,en,No,"Power levels nominal.",A2_0329_135924.wav,
2026-03-29T12:40:08.000Z,DELTA_CMD,00:27,en,No,"Power levels nominal.",A2_0329_124008.wav,
2026-03-29T23:08:54.000Z,BETA_SYS,00:48,en,No,"Network latency within limits.",A2_0329_230854.wav,
2026-03-29T17:11:30.000Z,ALPHA_NET,00:16,en,No,"Navigation update received.",A2_0329_171130.wav,
2026-03-29T18:03:11.000Z,GAMMA_OPS,00:21,en,No,"Awaiting handshake protocol.",A2_0329_180311.wav,
2026-03-29T03:59:06.000Z,ZETA_TELEM,00:37,en,No,"Trajectory aligned.",A2_0329_035906.wav,
2026-03-29T04:35:20.000Z,BETA_SYS,00:35,en,No,"Life support metrics green.",A2_0329_043520.wav,
2026-03-29T10:22:44.000Z,BETA_SYS,00:16,en,No,"Sensor calibration complete.",A2_0329_102244.wav,
2026-03-29T17:06:19.000Z,ALPHA_NET,00:39,en,No,"Network latency within limits.",A2_0329_170619.wav,
2026-03-29T15:06:55.000Z,EPSILON_MONITOR,00:24,en,No,"Trajectory aligned.",A2_0329_150655.wav,
2026-03-29T07:51:00.000Z,ZETA_TELEM,00:38,en,No,"Life support metrics green.",A2_0329_075100.wav,
2026-03-29T14:46:03.000Z,ALPHA_NET,00:48,en,No,"System diagnostic clear.",A2_0329_144603.wav,
2026-03-29T07:08:04.000Z,BETA_SYS,00:36,en,No,"Power levels nominal.",A2_0329_070804.wav,
2026-03-29T06:41:41.000Z,ZETA_TELEM,00:19,en,No,"Sensor calibration complete.",A2_0329_064141.wav,
2026-03-29T04:19:51.000Z,ALPHA_NET,00:13,en,No,"Routing override engaged.",A2_0329_041951.wav,
2026-03-29T05:25:02.000Z,EPSILON_MONITOR,00:33,en,No,"Thermal readings stable.",A2_0329_052502.wav,
2026-03-29T07:38:41.000Z,ALPHA_NET,00:21,en,No,"Payload bay doors secure.",A2_0329_073841.wav,
2026-03-29T16:29:08.000Z,ALPHA_NET,00:34,en,No,"Life support metrics green.",A2_0329_162908.wav,
2026-03-29T19:01:14.000Z,ALPHA_NET,00:33,en,No,"Navigation update received.",A2_0329_190114.wav,
2026-03-29T16:16:06.000Z,ZETA_TELEM,00:16,en,No,"Power levels nominal.",A2_0329_161606.wav,
2026-03-29T03:14:07.000Z,ZETA_TELEM,00:11,en,No,"Comm link established.",A2_0329_031407.wav,
2026-03-29T05:16:47.000Z,ZETA_TELEM,00:56,en,No,"Telemetry stream active.",A2_0329_051647.wav,
2026-03-29T13:01:46.000Z,DELTA_CMD,00:47,en,No,"Subsystem sync complete.",A2_0329_130146.wav,
2026-03-29T20:00:13.000Z,ALPHA_NET,00:14,en,No,"Payload bay doors secure.",A2_0329_200013.wav,
2026-03-29T09:28:11.000Z,DELTA_CMD,00:49,en,No,"Network latency within limits.",A2_0329_092811.wav,
2026-03-29T16:13:16.000Z,EPSILON_MONITOR,00:22,en,No,"Checking primary bus voltage.",A2_0329_161316.wav,
2026-03-29T17:48:28.000Z,GAMMA_OPS,00:46,en,No,"Executing maneuver alpha.",A2_0329_174828.wav,
2026-03-29T23:05:42.000Z,ALPHA_NET,00:40,en,No,"Thermal readings stable.",A2_0329_230542.wav,
2026-03-29T21:53:17.000Z,GAMMA_OPS,00:55,en,No,"Telemetry stream active.",A2_0329_215317.wav,
2026-03-29T11:53:33.000Z,BETA_SYS,00:43,en,No,"Life support metrics green.",A2_0329_115333.wav,
2026-03-29T03:02:10.000Z,GAMMA_OPS,00:27,en,No,"Sensor calibration complete.",A2_0329_030210.wav,
2026-03-29T03:49:33.000Z,ALPHA_NET,00:55,en,No,"Trajectory aligned.",A2_0329_034933.wav,
2026-03-29T15:54:36.000Z,ZETA_TELEM,00:56,en,No,"Payload bay doors secure.",A2_0329_155436.wav,
2026-03-29T04:57:10.000Z,BETA_SYS,00:13,en,No,"Verifying checksums.",A2_0329_045710.wav,
2026-03-29T02:29:21.000Z,EPSILON_MONITOR,00:49,en,No,"Subsystem sync complete.",A2_0329_022921.wav,
2026-03-29T13:22:23.000Z,EPSILON_MONITOR,00:33,en,No,"Awaiting handshake protocol.",A2_0329_132223.wav,
2026-03-29T06:04:09.000Z,BETA_SYS,00:14,en,No,"Navigation update received.",A2_0329_060409.wav,
2026-03-29T07:48:20.000Z,ZETA_TELEM,00:22,en,No,"Telemetry stream active.",A2_0329_074820.wav,
2026-03-29T20:30:27.000Z,ZETA_TELEM,00:41,en,No,"Power levels nominal.",A2_0329_203027.wav,
2026-03-29T05:14:44.000Z,ZETA_TELEM,00:39,en,No,"Executing maneuver alpha.",A2_0329_051444.wav,
2026-03-29T22:13:48.000Z,BETA_SYS,00:43,en,No,"Routing override engaged.",A2_0329_221348.wav,
2026-03-29T03:35:01.000Z,GAMMA_OPS,00:33,en,No,"Checking primary bus voltage.",A2_0329_033501.wav,
2026-03-29T18:57:52.000Z,EPSILON_MONITOR,00:57,en,No,"Power levels nominal.",A2_0329_185752.wav,
2026-03-29T21:33:02.000Z,EPSILON_MONITOR,00:45,en,No,"Comm link established.",A2_0329_213302.wav,
2026-03-29T11:12:29.000Z,EPSILON_MONITOR,00:12,en,No,"Trajectory aligned.",A2_0329_111229.wav,
2026-03-29T03:46:42.000Z,DELTA_CMD,00:47,en,No,"Navigation update received.",A2_0329_034642.wav,
2026-03-29T02:30:05.000Z,EPSILON_MONITOR,00:30,en,No,"Payload bay doors secure.",A2_0329_023005.wav,
2026-03-29T19:56:23.000Z,EPSILON_MONITOR,00:24,en,No,"Subsystem sync complete.",A2_0329_195623.wav,
2026-03-29T18:03:51.000Z,ZETA_TELEM,00:54,en,No,"Verifying checksums.",A2_0329_180351.wav,
2026-03-29T16:55:12.000Z,EPSILON_MONITOR,00:24,en,No,"System diagnostic clear.",A2_0329_165512.wav,
2026-03-29T07:11:29.000Z,GAMMA_OPS,00:30,en,No,"Navigation update received.",A2_0329_071129.wav,
2026-03-29T22:36:49.000Z,GAMMA_OPS,00:59,en,No,"Checking primary bus voltage.",A2_0329_223649.wav,
2026-03-29T00:17:03.000Z,GAMMA_OPS,00:28,en,No,"Telemetry stream active.",A2_0329_001703.wav,
2026-03-29T05:29:44.000Z,DELTA_CMD,00:43,en,No,"Trajectory aligned.",A2_0329_052944.wav,
2026-03-29T01:38:03.000Z,ALPHA_NET,00:38,en,No,"Sensor calibration complete.",A2_0329_013803.wav,
2026-03-29T03:11:53.000Z,ALPHA_NET,00:20,en,No,"Payload bay doors secure.",A2_0329_031153.wav,
2026-03-29T14:15:27.000Z,BETA_SYS,00:41,en,No,"Thermal readings stable.",A2_0329_141527.wav,
2026-03-29T02:47:50.000Z,ALPHA_NET,00:32,en,No,"Trajectory aligned.",A2_0329_024750.wav,
2026-03-29T23:04:26.000Z,ALPHA_NET,00:38,en,No,"Comm link established.",A2_0329_230426.wav,
2026-03-29T00:06:41.000Z,ZETA_TELEM,00:47,en,No,"Navigation update received.",A2_0329_000641.wav,
2026-03-29T00:08:48.000Z,DELTA_CMD,00:16,en,No,"Thermal readings stable.",A2_0329_000848.wav,
2026-03-29T01:48:52.000Z,EPSILON_MONITOR,00:19,en,No,"Sensor calibration complete.",A2_0329_014852.wav,
2026-03-29T17:56:20.000Z,ALPHA_NET,00:38,en,No,"Life support metrics green.",A2_0329_175620.wav,
2026-03-29T20:33:31.000Z,EPSILON_MONITOR,00:20,en,No,"Verifying checksums.",A2_0329_203331.wav,
2026-03-29T07:03:02.000Z,ALPHA_NET,00:32,en,No,"Routing override engaged.",A2_0329_070302.wav,
2026-03-29T06:55:06.000Z,BETA_SYS,00:57,en,No,"Power levels nominal.",A2_0329_065506.wav,
2026-03-29T13:36:53.000Z,BETA_SYS,00:13,en,No,"Secondary loop nominal.",A2_0329_133653.wav,
2026-03-29T10:23:30.000Z,ZETA_TELEM,00:57,en,No,"Sensor calibration complete.",A2_0329_102330.wav,
2026-03-29T15:37:23.000Z,ZETA_TELEM,00:30,en,No,"Thermal readings stable.",A2_0329_153723.wav,
2026-03-29T14:36:01.000Z,BETA_SYS,00:48,en,No,"Sensor calibration complete.",A2_0329_143601.wav,
2026-03-29T11:35:35.000Z,ALPHA_NET,00:38,en,No,"Sensor calibration complete.",A2_0329_113535.wav,
2026-03-29T04:13:57.000Z,EPSILON_MONITOR,00:41,en,No,"Thermal readings stable.",A2_0329_041357.wav,
2026-03-29T08:08:37.000Z,GAMMA_OPS,00:28,en,No,"Subsystem sync complete.",A2_0329_080837.wav,
2026-03-29T09:35:57.000Z,GAMMA_OPS,00:49,en,No,"Awaiting handshake protocol.",A2_0329_093557.wav,
2026-03-29T23:45:26.000Z,BETA_SYS,00:49,en,No,"Subsystem sync complete.",A2_0329_234526.wav,
2026-03-29T12:17:54.000Z,ALPHA_NET,00:37,en,No,"Secondary loop nominal.",A2_0329_121754.wav,
2026-03-29T03:10:44.000Z,GAMMA_OPS,00:56,en,No,"Thermal readings stable.",A2_0329_031044.wav,
2026-03-29T02:54:00.000Z,ALPHA_NET,00:27,en,No,"Checking primary bus voltage.",A2_0329_025400.wav,
2026-03-29T07:53:25.000Z,ALPHA_NET,00:43,en,No,"Verifying checksums.",A2_0329_075325.wav,
2026-03-29T14:20:45.000Z,BETA_SYS,00:22,en,No,"Secondary loop nominal.",A2_0329_142045.wav,
2026-03-29T20:36:07.000Z,DELTA_CMD,00:14,en,No,"Awaiting handshake protocol.",A2_0329_203607.wav,
2026-03-29T06:18:40.000Z,EPSILON_MONITOR,00:38,en,No,"Checking primary bus voltage.",A2_0329_061840.wav,
2026-03-29T02:43:13.000Z,ZETA_TELEM,00:59,en,No,"Payload bay doors secure.",A2_0329_024313.wav,
2026-03-29T23:48:14.000Z,GAMMA_OPS,00:10,en,No,"Secondary loop nominal.",A2_0329_234814.wav,
2026-03-29T03:00:46.000Z,EPSILON_MONITOR,00:10,en,No,"Sensor calibration complete.",A2_0329_030046.wav,
2026-03-29T17:08:45.000Z,GAMMA_OPS,00:21,en,No,"Thermal readings stable.",A2_0329_170845.wav,
2026-03-29T20:23:49.000Z,DELTA_CMD,00:57,en,No,"Checking primary bus voltage.",A2_0329_202349.wav,
2026-03-29T19:58:08.000Z,EPSILON_MONITOR,00:16,en,No,"System diagnostic clear.",A2_0329_195808.wav,
2026-03-29T18:00:50.000Z,GAMMA_OPS,00:59,en,No,"Checking primary bus voltage.",A2_0329_180050.wav,
2026-03-29T20:31:14.000Z,GAMMA_OPS,00:12,en,No,"Sensor calibration complete.",A2_0329_203114.wav,
2026-03-29T13:52:20.000Z,DELTA_CMD,00:36,en,No,"System diagnostic clear.",A2_0329_135220.wav,
2026-03-29T09:51:05.000Z,DELTA_CMD,00:48,en,No,"Payload bay doors secure.",A2_0329_095105.wav,
2026-03-29T23:33:52.000Z,ALPHA_NET,00:48,en,No,"Awaiting handshake protocol.",A2_0329_233352.wav,
2026-03-29T10:45:18.000Z,ALPHA_NET,00:43,en,No,"Comm link established.",A2_0329_104518.wav,
2026-03-29T13:40:05.000Z,ALPHA_NET,00:34,en,No,"Subsystem sync complete.",A2_0329_134005.wav,
2026-03-29T17:17:21.000Z,ZETA_TELEM,00:46,en,No,"Executing maneuver alpha.",A2_0329_171721.wav,
2026-03-29T15:18:10.000Z,GAMMA_OPS,00:49,en,No,"Life support metrics green.",A2_0329_151810.wav,
2026-03-29T21:57:44.000Z,ZETA_TELEM,00:40,en,No,"Verifying checksums.",A2_0329_215744.wav,
2026-03-29T11:33:58.000Z,GAMMA_OPS,00:22,en,No,"Telemetry stream active.",A2_0329_113358.wav,
2026-03-29T23:58:16.000Z,BETA_SYS,00:19,en,No,"Payload bay doors secure.",A2_0329_235816.wav,
2026-03-29T12:50:37.000Z,EPSILON_MONITOR,00:15,en,No,"Telemetry stream active.",A2_0329_125037.wav,
2026-03-29T23:42:39.000Z,GAMMA_OPS,00:20,en,No,"Subsystem sync complete.",A2_0329_234239.wav,
2026-03-29T02:24:46.000Z,GAMMA_OPS,00:36,en,No,"Routing override engaged.",A2_0329_022446.wav,
2026-03-29T17:59:34.000Z,EPSILON_MONITOR,00:43,en,No,"Life support metrics green.",A2_0329_175934.wav,
2026-03-29T22:58:22.000Z,BETA_SYS,00:50,en,No,"Checking primary bus voltage.",A2_0329_225822.wav,
2026-03-29T12:28:14.000Z,ZETA_TELEM,00:56,en,No,"Secondary loop nominal.",A2_0329_122814.wav,
2026-03-29T19:10:50.000Z,GAMMA_OPS,00:37,en,No,"Checking primary bus voltage.",A2_0329_191050.wav,
2026-03-29T19:30:25.000Z,EPSILON_MONITOR,00:59,en,No,"Network latency within limits.",A2_0329_193025.wav,
2026-03-29T03:09:54.000Z,EPSILON_MONITOR,00:31,en,No,"Routing override engaged.",A2_0329_030954.wav,
2026-03-29T22:36:43.000Z,DELTA_CMD,00:36,en,No,"Sensor calibration complete.",A2_0329_223643.wav,
2026-03-29T17:50:25.000Z,EPSILON_MONITOR,00:16,en,No,"Trajectory aligned.",A2_0329_175025.wav,
2026-03-29T20:10:56.000Z,EPSILON_MONITOR,00:28,en,No,"Secondary loop nominal.",A2_0329_201056.wav,
2026-03-29T07:57:22.000Z,BETA_SYS,00:10,en,No,"Executing maneuver alpha.",A2_0329_075722.wav,
2026-03-29T09:13:52.000Z,EPSILON_MONITOR,00:32,en,No,"Verifying checksums.",A2_0329_091352.wav,
2026-03-29T00:08:02.000Z,ZETA_TELEM,00:43,en,No,"Payload bay doors secure.",A2_0329_000802.wav,
2026-03-29T12:29:59.000Z,ALPHA_NET,00:36,en,No,"Subsystem sync complete.",A2_0329_122959.wav,
2026-03-29T08:32:19.000Z,EPSILON_MONITOR,00:51,en,No,"Routing override engaged.",A2_0329_083219.wav,
2026-03-29T03:53:07.000Z,EPSILON_MONITOR,00:30,en,No,"Thermal readings stable.",A2_0329_035307.wav,
2026-03-29T07:55:26.000Z,GAMMA_OPS,00:38,en,No,"Life support metrics green.",A2_0329_075526.wav,
2026-03-29T23:29:01.000Z,EPSILON_MONITOR,00:50,en,No,"Sensor calibration complete.",A2_0329_232901.wav,
2026-03-29T22:24:26.000Z,ALPHA_NET,00:25,en,No,"Comm link established.",A2_0329_222426.wav,
2026-03-29T15:50:58.000Z,DELTA_CMD,00:50,en,No,"Payload bay doors secure.",A2_0329_155058.wav,
2026-03-29T10:31:34.000Z,ALPHA_NET,00:53,en,No,"Sensor calibration complete.",A2_0329_103134.wav,
2026-03-29T02:37:00.000Z,ZETA_TELEM,00:14,en,No,"Awaiting handshake protocol.",A2_0329_023700.wav,
2026-03-29T03:56:44.000Z,ZETA_TELEM,00:26,en,No,"Network latency within limits.",A2_0329_035644.wav,
2026-03-29T21:41:51.000Z,DELTA_CMD,00:44,en,No,"Payload bay doors secure.",A2_0329_214151.wav,
2026-03-29T08:27:16.000Z,EPSILON_MONITOR,00:24,en,No,"Awaiting handshake protocol.",A2_0329_082716.wav,
2026-03-29T18:47:05.000Z,ALPHA_NET,00:57,en,No,"Thermal readings stable.",A2_0329_184705.wav,
2026-03-29T08:15:17.000Z,ZETA_TELEM,00:28,en,No,"System diagnostic clear.",A2_0329_081517.wav,
2026-03-29T19:12:44.000Z,BETA_SYS,00:36,en,No,"Power levels nominal.",A2_0329_191244.wav,
2026-03-29T01:40:12.000Z,GAMMA_OPS,00:23,en,No,"Navigation update received.",A2_0329_014012.wav,
2026-03-29T10:53:33.000Z,BETA_SYS,00:28,en,No,"Network latency within limits.",A2_0329_105333.wav,
2026-03-29T22:42:52.000Z,ALPHA_NET,00:37,en,No,"Network latency within limits.",A2_0329_224252.wav,
2026-03-29T01:59:22.000Z,ALPHA_NET,00:10,en,No,"Payload bay doors secure.",A2_0329_015922.wav,
2026-03-29T06:34:27.000Z,BETA_SYS,00:42,en,No,"Routing override engaged.",A2_0329_063427.wav,
2026-03-29T01:02:02.000Z,ZETA_TELEM,00:39,en,No,"Awaiting handshake protocol.",A2_0329_010202.wav,
2026-03-29T03:05:46.000Z,DELTA_CMD,00:58,en,No,"Routing override engaged.",A2_0329_030546.wav,
2026-03-29T03:38:30.000Z,GAMMA_OPS,00:21,en,No,"Routing override engaged.",A2_0329_033830.wav,
2026-03-29T23:00:52.000Z,GAMMA_OPS,00:43,en,No,"System diagnostic clear.",A2_0329_230052.wav,
2026-03-29T17:54:45.000Z,ALPHA_NET,00:32,en,No,"Thermal readings stable.",A2_0329_175445.wav,
2026-03-29T03:57:09.000Z,ALPHA_NET,00:32,en,No,"Subsystem sync complete.",A2_0329_035709.wav,
2026-03-29T17:08:42.000Z,GAMMA_OPS,00:57,en,No,"Navigation update received.",A2_0329_170842.wav,
2026-03-29T19:29:03.000Z,GAMMA_OPS,00:22,en,No,"Checking primary bus voltage.",A2_0329_192903.wav,
2026-03-29T15:27:54.000Z,ZETA_TELEM,00:41,en,No,"Comm link established.",A2_0329_152754.wav,
2026-03-29T20:13:20.000Z,EPSILON_MONITOR,00:30,en,No,"Payload bay doors secure.",A2_0329_201320.wav,
2026-03-29T02:25:25.000Z,GAMMA_OPS,00:12,en,No,"Trajectory aligned.",A2_0329_022525.wav,
2026-03-29T18:23:46.000Z,DELTA_CMD,00:52,en,No,"Thermal readings stable.",A2_0329_182346.wav,
2026-03-29T22:52:01.000Z,EPSILON_MONITOR,00:26,en,No,"Secondary loop nominal.",A2_0329_225201.wav,
2026-03-29T03:24:01.000Z,BETA_SYS,00:42,en,No,"Secondary loop nominal.",A2_0329_032401.wav,
2026-03-29T20:47:01.000Z,ZETA_TELEM,00:56,en,No,"Comm link established.",A2_0329_204701.wav,
2026-03-29T00:24:23.000Z,DELTA_CMD,00:42,en,No,"Verifying checksums.",A2_0329_002423.wav,
2026-03-29T11:51:33.000Z,ZETA_TELEM,00:47,en,No,"Network latency within limits.",A2_0329_115133.wav,
2026-03-29T21:37:41.000Z,GAMMA_OPS,00:18,en,No,"Subsystem sync complete.",A2_0329_213741.wav,
2026-03-29T16:47:17.000Z,ALPHA_NET,00:53,en,No,"Routing override engaged.",A2_0329_164717.wav,
2026-03-29T07:03:09.000Z,DELTA_CMD,00:26,en,No,"Awaiting handshake protocol.",A2_0329_070309.wav,
2026-03-29T11:49:57.000Z,GAMMA_OPS,00:42,en,No,"Trajectory aligned.",A2_0329_114957.wav,
2026-03-29T00:26:25.000Z,BETA_SYS,00:33,en,No,"Power levels nominal.",A2_0329_002625.wav,
2026-03-29T01:46:16.000Z,ALPHA_NET,00:37,en,No,"System diagnostic clear.",A2_0329_014616.wav,
2026-03-29T10:20:41.000Z,GAMMA_OPS,00:13,en,No,"Secondary loop nominal.",A2_0329_102041.wav,
2026-03-29T20:22:14.000Z,GAMMA_OPS,00:44,en,No,"Thermal readings stable.",A2_0329_202214.wav,
2026-03-29T12:40:53.000Z,EPSILON_MONITOR,00:24,en,No,"Routing override engaged.",A2_0329_124053.wav,
2026-03-29T14:36:33.000Z,DELTA_CMD,00:42,en,No,"Executing maneuver alpha.",A2_0329_143633.wav,
2026-03-29T19:18:20.000Z,ALPHA_NET,00:50,en,No,"Thermal readings stable.",A2_0329_191820.wav,
2026-03-29T15:33:22.000Z,ALPHA_NET,00:21,en,No,"Routing override engaged.",A2_0329_153322.wav,
2026-03-29T22:55:35.000Z,ZETA_TELEM,00:24,en,No,"Routing override engaged.",A2_0329_225535.wav,
2026-03-29T22:54:08.000Z,ALPHA_NET,00:32,en,No,"Trajectory aligned.",A2_0329_225408.wav,
2026-03-29T07:42:50.000Z,ZETA_TELEM,00:49,en,No,"Navigation update received.",A2_0329_074250.wav,
2026-03-29T16:27:20.000Z,ALPHA_NET,00:58,en,No,"Network latency within limits.",A2_0329_162720.wav,
2026-03-29T10:33:54.000Z,EPSILON_MONITOR,00:20,en,No,"Checking primary bus voltage.",A2_0329_103354.wav,
2026-03-29T14:45:44.000Z,GAMMA_OPS,00:56,en,No,"Network latency within limits.",A2_0329_144544.wav,
2026-03-29T07:05:30.000Z,DELTA_CMD,00:59,en,No,"System diagnostic clear.",A2_0329_070530.wav,
2026-03-29T10:15:28.000Z,BETA_SYS,00:30,en,No,"Verifying checksums.",A2_0329_101528.wav,
2026-03-29T03:14:18.000Z,EPSILON_MONITOR,00:46,en,No,"Comm link established.",A2_0329_031418.wav,
2026-03-29T03:54:01.000Z,DELTA_CMD,00:31,en,No,"Navigation update received.",A2_0329_035401.wav,
2026-03-29T05:52:02.000Z,EPSILON_MONITOR,00:37,en,No,"Executing maneuver alpha.",A2_0329_055202.wav,
2026-03-29T03:46:21.000Z,EPSILON_MONITOR,00:15,en,No,"System diagnostic clear.",A2_0329_034621.wav,
2026-03-29T18:42:08.000Z,GAMMA_OPS,00:38,en,No,"Secondary loop nominal.",A2_0329_184208.wav,
2026-03-29T21:48:42.000Z,BETA_SYS,00:19,en,No,"Secondary loop nominal.",A2_0329_214842.wav,
2026-03-29T09:54:02.000Z,ZETA_TELEM,00:34,en,No,"Awaiting handshake protocol.",A2_0329_095402.wav,
2026-03-29T12:21:49.000Z,EPSILON_MONITOR,00:44,en,No,"Checking primary bus voltage.",A2_0329_122149.wav,
2026-03-29T07:14:42.000Z,EPSILON_MONITOR,00:35,en,No,"Network latency within limits.",A2_0329_071442.wav,
2026-03-29T09:02:37.000Z,ALPHA_NET,00:58,en,No,"Thermal readings stable.",A2_0329_090237.wav,
2026-03-29T02:14:26.000Z,BETA_SYS,00:37,en,No,"Routing override engaged.",A2_0329_021426.wav,
2026-03-29T03:18:53.000Z,ALPHA_NET,00:50,en,No,"System diagnostic clear.",A2_0329_031853.wav,
2026-03-29T21:02:19.000Z,BETA_SYS,00:21,en,No,"Routing override engaged.",A2_0329_210219.wav,
2026-03-29T05:45:49.000Z,ZETA_TELEM,00:12,en,No,"Payload bay doors secure.",A2_0329_054549.wav,
2026-03-29T18:36:59.000Z,DELTA_CMD,00:58,en,No,"Life support metrics green.",A2_0329_183659.wav,
2026-03-29T23:30:35.000Z,ZETA_TELEM,00:11,en,No,"Secondary loop nominal.",A2_0329_233035.wav,
2026-03-29T05:00:47.000Z,EPSILON_MONITOR,00:24,en,No,"Secondary loop nominal.",A2_0329_050047.wav,
2026-03-29T06:52:25.000Z,ZETA_TELEM,00:23,en,No,"Awaiting handshake protocol.",A2_0329_065225.wav,
2026-03-29T09:29:30.000Z,BETA_SYS,00:27,en,No,"Routing override engaged.",A2_0329_092930.wav,
2026-03-29T01:18:49.000Z,EPSILON_MONITOR,00:57,en,No,"Awaiting handshake protocol.",A2_0329_011849.wav,
2026-03-29T09:56:47.000Z,EPSILON_MONITOR,00:42,en,No,"Checking primary bus voltage.",A2_0329_095647.wav,
2026-03-29T03:05:39.000Z,ZETA_TELEM,00:48,en,No,"Payload bay doors secure.",A2_0329_030539.wav,
2026-03-29T17:19:28.000Z,GAMMA_OPS,00:32,en,No,"System diagnostic clear.",A2_0329_171928.wav,
2026-03-29T13:54:49.000Z,GAMMA_OPS,00:39,en,No,"Checking primary bus voltage.",A2_0329_135449.wav,
2026-03-29T12:36:01.000Z,BETA_SYS,00:49,en,No,"Thermal readings stable.",A2_0329_123601.wav,
2026-03-29T03:15:53.000Z,ALPHA_NET,00:22,en,No,"Thermal readings stable.",A2_0329_031553.wav,
2026-03-29T00:58:48.000Z,DELTA_CMD,00:35,en,No,"Checking primary bus voltage.",A2_0329_005848.wav,
2026-03-29T10:54:30.000Z,BETA_SYS,00:16,en,No,"System diagnostic clear.",A2_0329_105430.wav,
2026-03-29T07:44:56.000Z,BETA_SYS,00:14,en,No,"Checking primary bus voltage.",A2_0329_074456.wav,
2026-03-29T23:06:08.000Z,ALPHA_NET,00:38,en,No,"Sensor calibration complete.",A2_0329_230608.wav,
2026-03-29T12:25:30.000Z,BETA_SYS,00:10,en,No,"Payload bay doors secure.",A2_0329_122530.wav,
2026-03-29T00:15:24.000Z,ALPHA_NET,00:43,en,No,"Routing override engaged.",A2_0329_001524.wav,
2026-03-29T02:50:43.000Z,GAMMA_OPS,00:49,en,No,"Telemetry stream active.",A2_0329_025043.wav,
2026-03-29T08:13:15.000Z,ZETA_TELEM,00:19,en,No,"Payload bay doors secure.",A2_0329_081315.wav,
2026-03-29T03:02:17.000Z,EPSILON_MONITOR,00:22,en,No,"System diagnostic clear.",A2_0329_030217.wav,
2026-03-29T03:40:08.000Z,ZETA_TELEM,00:35,en,No,"System diagnostic clear.",A2_0329_034008.wav,
2026-03-29T02:54:37.000Z,BETA_SYS,00:27,en,No,"Power levels nominal.",A2_0329_025437.wav,
2026-03-29T20:34:46.000Z,GAMMA_OPS,00:52,en,No,"Network latency within limits.",A2_0329_203446.wav,
2026-03-29T08:45:20.000Z,ALPHA_NET,00:54,en,No,"Life support metrics green.",A2_0329_084520.wav,
2026-03-29T06:55:02.000Z,DELTA_CMD,00:49,en,No,"Routing override engaged.",A2_0329_065502.wav,
2026-03-29T20:58:03.000Z,ALPHA_NET,00:52,en,No,"Verifying checksums.",A2_0329_205803.wav,
2026-03-29T03:33:28.000Z,GAMMA_OPS,00:48,en,No,"Checking primary bus voltage.",A2_0329_033328.wav,
2026-03-29T04:00:06.000Z,GAMMA_OPS,00:10,en,No,"Sensor calibration complete.",A2_0329_040006.wav,
2026-03-29T01:09:23.000Z,ZETA_TELEM,00:36,en,No,"System diagnostic clear.",A2_0329_010923.wav,
2026-03-29T21:55:12.000Z,GAMMA_OPS,00:58,en,No,"Navigation update received.",A2_0329_215512.wav,
2026-03-29T01:21:18.000Z,GAMMA_OPS,00:39,en,No,"Sensor calibration complete.",A2_0329_012118.wav,
2026-03-29T04:57:50.000Z,DELTA_CMD,00:42,en,No,"Sensor calibration complete.",A2_0329_045750.wav,
2026-03-29T20:55:34.000Z,BETA_SYS,00:45,en,No,"Network latency within limits.",A2_0329_205534.wav,
2026-03-29T12:22:21.000Z,ZETA_TELEM,00:20,en,No,"Telemetry stream active.",A2_0329_122221.wav,
2026-03-29T12:09:31.000Z,BETA_SYS,00:28,en,No,"Navigation update received.",A2_0329_120931.wav,
2026-03-29T13:11:03.000Z,EPSILON_MONITOR,00:31,en,No,"Secondary loop nominal.",A2_0329_131103.wav,
2026-03-29T11:43:10.000Z,GAMMA_OPS,00:25,en,No,"Comm link established.",A2_0329_114310.wav,
2026-03-29T06:39:48.000Z,GAMMA_OPS,00:47,en,No,"Trajectory aligned.",A2_0329_063948.wav,
2026-03-29T02:35:46.000Z,EPSILON_MONITOR,00:12,en,No,"Network latency within limits.",A2_0329_023546.wav,
2026-03-29T21:28:18.000Z,EPSILON_MONITOR,00:38,en,No,"Network latency within limits.",A2_0329_212818.wav,
2026-03-29T11:13:56.000Z,DELTA_CMD,00:47,en,No,"Verifying checksums.",A2_0329_111356.wav,
2026-03-29T03:17:43.000Z,ZETA_TELEM,00:27,en,No,"Navigation update received.",A2_0329_031743.wav,
2026-03-29T05:58:44.000Z,DELTA_CMD,00:36,en,No,"Life support metrics green.",A2_0329_055844.wav,
2026-03-29T23:29:30.000Z,DELTA_CMD,00:59,en,No,"Sensor calibration complete.",A2_0329_232930.wav,
2026-03-29T02:50:24.000Z,GAMMA_OPS,00:42,en,No,"Secondary loop nominal.",A2_0329_025024.wav,
2026-03-29T12:16:05.000Z,ALPHA_NET,00:51,en,No,"Payload bay doors secure.",A2_0329_121605.wav,
2026-03-29T05:26:07.000Z,ALPHA_NET,00:27,en,No,"Life support metrics green.",A2_0329_052607.wav,
2026-03-29T07:49:47.000Z,ALPHA_NET,00:33,en,No,"Comm link established.",A2_0329_074947.wav,
2026-03-29T01:36:01.000Z,GAMMA_OPS,00:25,en,No,"Executing maneuver alpha.",A2_0329_013601.wav,
2026-03-29T04:21:08.000Z,ZETA_TELEM,00:52,en,No,"Awaiting handshake protocol.",A2_0329_042108.wav,
2026-03-29T06:22:42.000Z,EPSILON_MONITOR,00:12,en,No,"Secondary loop nominal.",A2_0329_062242.wav,
2026-03-29T03:20:28.000Z,ALPHA_NET,00:12,en,No,"Executing maneuver alpha.",A2_0329_032028.wav,
2026-03-29T08:14:54.000Z,DELTA_CMD,00:13,en,No,"Subsystem sync complete.",A2_0329_081454.wav,
2026-03-29T17:17:04.000Z,EPSILON_MONITOR,00:53,en,No,"Navigation update received.",A2_0329_171704.wav,
2026-03-29T02:33:17.000Z,GAMMA_OPS,00:25,en,No,"Sensor calibration complete.",A2_0329_023317.wav,
2026-03-29T21:41:15.000Z,DELTA_CMD,00:44,en,No,"Trajectory aligned.",A2_0329_214115.wav,
2026-03-29T13:09:29.000Z,DELTA_CMD,00:29,en,No,"Thermal readings stable.",A2_0329_130929.wav,
2026-03-29T18:24:52.000Z,BETA_SYS,00:25,en,No,"Payload bay doors secure.",A2_0329_182452.wav,
2026-03-29T14:52:58.000Z,GAMMA_OPS,00:46,en,No,"Comm link established.",A2_0329_145258.wav,
2026-03-29T21:14:57.000Z,ZETA_TELEM,00:23,en,No,"Navigation update received.",A2_0329_211457.wav,
2026-03-29T06:15:28.000Z,ALPHA_NET,00:28,en,No,"Navigation update received.",A2_0329_061528.wav,
2026-03-29T23:33:40.000Z,DELTA_CMD,00:35,en,No,"Executing maneuver alpha.",A2_0329_233340.wav,
2026-03-29T03:01:16.000Z,DELTA_CMD,00:18,en,No,"Verifying checksums.",A2_0329_030116.wav,
2026-03-29T09:04:40.000Z,BETA_SYS,00:49,en,No,"Network latency within limits.",A2_0329_090440.wav,
2026-03-29T12:58:35.000Z,DELTA_CMD,00:25,en,No,"Secondary loop nominal.",A2_0329_125835.wav,
2026-03-29T20:45:38.000Z,DELTA_CMD,00:50,en,No,"Executing maneuver alpha.",A2_0329_204538.wav,
2026-03-29T16:00:20.000Z,DELTA_CMD,00:19,en,No,"Life support metrics green.",A2_0329_160020.wav,
2026-03-29T17:56:18.000Z,ALPHA_NET,00:20,en,No,"Routing override engaged.",A2_0329_175618.wav,
2026-03-29T10:11:35.000Z,ZETA_TELEM,00:14,en,No,"Telemetry stream active.",A2_0329_101135.wav,
2026-03-29T21:03:41.000Z,ALPHA_NET,00:20,en,No,"Sensor calibration complete.",A2_0329_210341.wav,
2026-03-29T06:48:06.000Z,ZETA_TELEM,00:19,en,No,"Secondary loop nominal.",A2_0329_064806.wav,
2026-03-29T02:20:27.000Z,GAMMA_OPS,00:11,en,No,"Verifying checksums.",A2_0329_022027.wav,
2026-03-29T10:24:17.000Z,ZETA_TELEM,00:47,en,No,"Payload bay doors secure.",A2_0329_102417.wav,
2026-03-29T02:48:46.000Z,BETA_SYS,00:25,en,No,"Thermal readings stable.",A2_0329_024846.wav,
2026-03-29T06:23:23.000Z,DELTA_CMD,00:21,en,No,"Trajectory aligned.",A2_0329_062323.wav,
2026-03-29T21:33:50.000Z,ZETA_TELEM,00:29,en,No,"Trajectory aligned.",A2_0329_213350.wav,
2026-03-29T04:43:18.000Z,BETA_SYS,00:17,en,No,"Checking primary bus voltage.",A2_0329_044318.wav,
2026-03-29T02:26:53.000Z,GAMMA_OPS,00:40,en,No,"Sensor calibration complete.",A2_0329_022653.wav,
2026-03-29T19:58:11.000Z,ALPHA_NET,00:22,en,No,"Subsystem sync complete.",A2_0329_195811.wav,
2026-03-29T12:29:42.000Z,ALPHA_NET,00:15,en,No,"Sensor calibration complete.",A2_0329_122942.wav,
2026-03-29T17:20:15.000Z,DELTA_CMD,00:29,en,No,"Subsystem sync complete.",A2_0329_172015.wav,
2026-03-29T23:12:05.000Z,ALPHA_NET,00:10,en,No,"Verifying checksums.",A2_0329_231205.wav,
2026-03-29T17:54:00.000Z,DELTA_CMD,00:33,en,No,"System diagnostic clear.",A2_0329_175400.wav,
2026-03-29T20:38:01.000Z,ZETA_TELEM,00:33,en,No,"Thermal readings stable.",A2_0329_203801.wav,
2026-03-29T16:12:24.000Z,EPSILON_MONITOR,00:10,en,No,"Verifying checksums.",A2_0329_161224.wav,
2026-03-29T17:57:49.000Z,GAMMA_OPS,00:46,en,No,"Network latency within limits.",A2_0329_175749.wav,
2026-03-29T21:38:57.000Z,EPSILON_MONITOR,00:29,en,No,"Life support metrics green.",A2_0329_213857.wav,
2026-03-29T15:04:59.000Z,EPSILON_MONITOR,00:19,en,No,"Awaiting handshake protocol.",A2_0329_150459.wav,
2026-03-29T04:27:40.000Z,DELTA_CMD,00:59,en,No,"Power levels nominal.",A2_0329_042740.wav,
2026-03-29T10:09:05.000Z,EPSILON_MONITOR,00:22,en,No,"Executing maneuver alpha.",A2_0329_100905.wav,
2026-03-29T23:19:06.000Z,EPSILON_MONITOR,00:27,en,No,"Trajectory aligned.",A2_0329_231906.wav,
2026-03-29T12:23:16.000Z,ZETA_TELEM,00:44,en,No,"Navigation update received.",A2_0329_122316.wav,
2026-03-29T22:45:16.000Z,EPSILON_MONITOR,00:49,en,No,"Awaiting handshake protocol.",A2_0329_224516.wav,
2026-03-29T10:39:27.000Z,BETA_SYS,00:42,en,No,"Routing override engaged.",A2_0329_103927.wav,
2026-03-29T06:57:32.000Z,ZETA_TELEM,00:27,en,No,"Comm link established.",A2_0329_065732.wav,
2026-03-29T19:19:41.000Z,ALPHA_NET,00:31,en,No,"Life support metrics green.",A2_0329_191941.wav,
2026-03-29T17:32:26.000Z,DELTA_CMD,00:16,en,No,"Secondary loop nominal.",A2_0329_173226.wav,
2026-03-29T13:21:39.000Z,BETA_SYS,00:30,en,No,"Sensor calibration complete.",A2_0329_132139.wav,
2026-03-29T06:36:53.000Z,ZETA_TELEM,00:29,en,No,"Routing override engaged.",A2_0329_063653.wav,
2026-03-29T03:22:54.000Z,ZETA_TELEM,00:31,en,No,"Verifying checksums.",A2_0329_032254.wav,
2026-03-29T10:42:21.000Z,DELTA_CMD,00:16,en,No,"Checking primary bus voltage.",A2_0329_104221.wav,
2026-03-29T17:55:41.000Z,GAMMA_OPS,00:49,en,No,"Power levels nominal.",A2_0329_175541.wav,
2026-03-29T13:55:46.000Z,GAMMA_OPS,00:45,en,No,"Routing override engaged.",A2_0329_135546.wav,
2026-03-29T01:37:02.000Z,GAMMA_OPS,00:16,en,No,"System diagnostic clear.",A2_0329_013702.wav,
2026-03-29T08:59:29.000Z,EPSILON_MONITOR,00:38,en,No,"Secondary loop nominal.",A2_0329_085929.wav,
2026-03-29T07:55:48.000Z,ALPHA_NET,00:27,en,No,"Trajectory aligned.",A2_0329_075548.wav,
2026-03-29T11:27:43.000Z,ZETA_TELEM,00:45,en,No,"Life support metrics green.",A2_0329_112743.wav,
2026-03-29T16:53:39.000Z,GAMMA_OPS,00:42,en,No,"Sensor calibration complete.",A2_0329_165339.wav,
2026-03-29T10:55:01.000Z,BETA_SYS,00:40,en,No,"Awaiting handshake protocol.",A2_0329_105501.wav,
2026-03-29T08:41:27.000Z,EPSILON_MONITOR,00:52,en,No,"Comm link established.",A2_0329_084127.wav,
2026-03-29T16:21:28.000Z,BETA_SYS,00:54,en,No,"Thermal readings stable.",A2_0329_162128.wav,
2026-03-29T03:22:01.000Z,ZETA_TELEM,00:22,en,No,"Navigation update received.",A2_0329_032201.wav,
2026-03-29T06:03:52.000Z,GAMMA_OPS,00:18,en,No,"Telemetry stream active.",A2_0329_060352.wav,
2026-03-29T07:35:41.000Z,ZETA_TELEM,00:13,en,No,"Trajectory aligned.",A2_0329_073541.wav,
2026-03-29T17:26:45.000Z,ZETA_TELEM,00:35,en,No,"Network latency within limits.",A2_0329_172645.wav,
2026-03-29T07:23:32.000Z,EPSILON_MONITOR,00:19,en,No,"Verifying checksums.",A2_0329_072332.wav,
2026-03-29T08:29:30.000Z,EPSILON_MONITOR,00:53,en,No,"Secondary loop nominal.",A2_0329_082930.wav,
2026-03-29T07:57:26.000Z,DELTA_CMD,00:18,en,No,"Life support metrics green.",A2_0329_075726.wav,
2026-03-29T21:32:32.000Z,ALPHA_NET,00:20,en,No,"Payload bay doors secure.",A2_0329_213232.wav,
2026-03-29T02:54:51.000Z,ALPHA_NET,00:40,en,No,"Awaiting handshake protocol.",A2_0329_025451.wav,
2026-03-29T17:15:47.000Z,EPSILON_MONITOR,00:22,en,No,"System diagnostic clear.",A2_0329_171547.wav,
2026-03-29T02:07:09.000Z,BETA_SYS,00:34,en,No,"Life support metrics green.",A2_0329_020709.wav,
2026-03-29T02:35:57.000Z,DELTA_CMD,00:31,en,No,"Thermal readings stable.",A2_0329_023557.wav,
2026-03-29T16:42:23.000Z,ZETA_TELEM,00:52,en,No,"Sensor calibration complete.",A2_0329_164223.wav,
2026-03-29T21:48:30.000Z,GAMMA_OPS,00:28,en,No,"Navigation update received.",A2_0329_214830.wav,
2026-03-29T03:54:01.000Z,EPSILON_MONITOR,00:27,en,No,"Routing override engaged.",A2_0329_035401.wav,
2026-03-29T08:23:39.000Z,BETA_SYS,00:34,en,No,"Trajectory aligned.",A2_0329_082339.wav,
2026-03-29T09:20:03.000Z,DELTA_CMD,00:15,en,No,"Trajectory aligned.",A2_0329_092003.wav,
2026-03-29T22:49:40.000Z,EPSILON_MONITOR,00:37,en,No,"Comm link established.",A2_0329_224940.wav,
2026-03-29T21:04:45.000Z,ZETA_TELEM,00:12,en,No,"Subsystem sync complete.",A2_0329_210445.wav,
2026-03-29T20:13:15.000Z,EPSILON_MONITOR,00:43,en,No,"Network latency within limits.",A2_0329_201315.wav,
2026-03-29T23:00:37.000Z,EPSILON_MONITOR,00:25,en,No,"Thermal readings stable.",A2_0329_230037.wav,
2026-03-29T21:38:21.000Z,EPSILON_MONITOR,00:17,en,No,"Trajectory aligned.",A2_0329_213821.wav,
2026-03-29T13:04:46.000Z,DELTA_CMD,00:55,en,No,"Executing maneuver alpha.",A2_0329_130446.wav,
2026-03-29T23:23:16.000Z,ZETA_TELEM,00:54,en,No,"Network latency within limits.",A2_0329_232316.wav,
2026-03-29T12:33:38.000Z,DELTA_CMD,00:40,en,No,"System diagnostic clear.",A2_0329_123338.wav,
2026-03-29T17:05:54.000Z,DELTA_CMD,00:35,en,No,"Subsystem sync complete.",A2_0329_170554.wav,
2026-03-29T00:20:39.000Z,GAMMA_OPS,00:52,en,No,"Payload bay doors secure.",A2_0329_002039.wav,
2026-03-29T08:16:52.000Z,EPSILON_MONITOR,00:50,en,No,"Verifying checksums.",A2_0329_081652.wav,
2026-03-29T02:16:35.000Z,BETA_SYS,00:57,en,No,"Telemetry stream active.",A2_0329_021635.wav,
2026-03-29T23:26:03.000Z,BETA_SYS,00:28,en,No,"Executing maneuver alpha.",A2_0329_232603.wav,
2026-03-29T20:58:56.000Z,ALPHA_NET,00:30,en,No,"Comm link established.",A2_0329_205856.wav,
2026-03-29T02:35:24.000Z,ALPHA_NET,00:12,en,No,"Awaiting handshake protocol.",A2_0329_023524.wav,
2026-03-29T12:13:40.000Z,ALPHA_NET,00:13,en,No,"Telemetry stream active.",A2_0329_121340.wav,
2026-03-29T12:27:23.000Z,ALPHA_NET,00:49,en,No,"Awaiting handshake protocol.",A2_0329_122723.wav,
2026-03-29T00:34:12.000Z,DELTA_CMD,00:27,en,No,"Awaiting handshake protocol.",A2_0329_003412.wav,
2026-03-29T20:01:02.000Z,EPSILON_MONITOR,00:50,en,No,"Comm link established.",A2_0329_200102.wav,
2026-03-29T01:53:47.000Z,BETA_SYS,00:44,en,No,"System diagnostic clear.",A2_0329_015347.wav,
2026-03-29T15:19:40.000Z,ALPHA_NET,00:52,en,No,"Network latency within limits.",A2_0329_151940.wav,
2026-03-29T00:27:39.000Z,ZETA_TELEM,00:56,en,No,"Subsystem sync complete.",A2_0329_002739.wav,
2026-03-29T06:49:00.000Z,EPSILON_MONITOR,00:50,en,No,"Trajectory aligned.",A2_0329_064900.wav,
2026-03-29T23:05:11.000Z,EPSILON_MONITOR,00:16,en,No,"Secondary loop nominal.",A2_0329_230511.wav,
2026-03-29T13:25:03.000Z,BETA_SYS,00:10,en,No,"Secondary loop nominal.",A2_0329_132503.wav,
2026-03-29T18:00:25.000Z,GAMMA_OPS,00:55,en,No,"Subsystem sync complete.",A2_0329_180025.wav,
2026-03-29T22:24:18.000Z,ALPHA_NET,00:50,en,No,"Network latency within limits.",A2_0329_222418.wav,
2026-03-29T06:34:04.000Z,BETA_SYS,00:10,en,No,"Verifying checksums.",A2_0329_063404.wav,
2026-03-29T06:22:31.000Z,ZETA_TELEM,00:13,en,No,"Executing maneuver alpha.",A2_0329_062231.wav,
2026-03-29T02:34:28.000Z,ZETA_TELEM,00:39,en,No,"Verifying checksums.",A2_0329_023428.wav,
2026-03-29T22:10:32.000Z,EPSILON_MONITOR,00:11,en,No,"Routing override engaged.",A2_0329_221032.wav,
2026-03-29T18:02:11.000Z,ZETA_TELEM,00:56,en,No,"Secondary loop nominal.",A2_0329_180211.wav,
2026-03-29T09:48:19.000Z,ZETA_TELEM,00:45,en,No,"Power levels nominal.",A2_0329_094819.wav,
2026-03-29T13:25:11.000Z,EPSILON_MONITOR,00:13,en,No,"Awaiting handshake protocol.",A2_0329_132511.wav,
2026-03-29T00:43:08.000Z,EPSILON_MONITOR,00:12,en,No,"Trajectory aligned.",A2_0329_004308.wav,
2026-03-29T11:07:59.000Z,ALPHA_NET,00:57,en,No,"Awaiting handshake protocol.",A2_0329_110759.wav,
2026-03-29T05:47:13.000Z,DELTA_CMD,00:51,en,No,"Routing override engaged.",A2_0329_054713.wav,
2026-03-29T07:03:43.000Z,EPSILON_MONITOR,00:31,en,No,"Payload bay doors secure.",A2_0329_070343.wav,
2026-03-29T18:34:30.000Z,GAMMA_OPS,00:58,en,No,"Sensor calibration complete.",A2_0329_183430.wav,
2026-03-29T07:55:27.000Z,BETA_SYS,00:11,en,No,"Trajectory aligned.",A2_0329_075527.wav,
2026-03-29T21:23:40.000Z,BETA_SYS,00:42,en,No,"Awaiting handshake protocol.",A2_0329_212340.wav,
2026-03-29T17:55:04.000Z,DELTA_CMD,00:55,en,No,"Power levels nominal.",A2_0329_175504.wav,
2026-03-29T21:18:50.000Z,GAMMA_OPS,00:55,en,No,"Payload bay doors secure.",A2_0329_211850.wav,
2026-03-29T07:33:04.000Z,BETA_SYS,00:48,en,No,"Verifying checksums.",A2_0329_073304.wav,
2026-03-29T10:48:43.000Z,ALPHA_NET,00:45,en,No,"System diagnostic clear.",A2_0329_104843.wav,
2026-03-29T01:52:09.000Z,ALPHA_NET,00:49,en,No,"System diagnostic clear.",A2_0329_015209.wav,
2026-03-29T22:56:09.000Z,DELTA_CMD,00:14,en,No,"Secondary loop nominal.",A2_0329_225609.wav,
2026-03-29T16:11:14.000Z,BETA_SYS,00:13,en,No,"Sensor calibration complete.",A2_0329_161114.wav,
2026-03-29T00:06:09.000Z,ALPHA_NET,00:42,en,No,"System diagnostic clear.",A2_0329_000609.wav,
2026-03-29T08:54:16.000Z,EPSILON_MONITOR,00:34,en,No,"Navigation update received.",A2_0329_085416.wav,
2026-03-29T09:36:41.000Z,ALPHA_NET,00:35,en,No,"Payload bay doors secure.",A2_0329_093641.wav,
2026-03-29T17:55:33.000Z,GAMMA_OPS,00:56,en,No,"Verifying checksums.",A2_0329_175533.wav,
2026-03-29T17:39:16.000Z,ZETA_TELEM,00:12,en,No,"Network latency within limits.",A2_0329_173916.wav,
2026-03-29T22:55:36.000Z,GAMMA_OPS,00:17,en,No,"Life support metrics green.",A2_0329_225536.wav,
